194115,AAA Batteries (4-pack),1,2.99,05/30/19 20:29,"159 Lincoln St, Los Angeles, CA 90001"
194116,Lightning Charging Cable,1,14.95,05/19/19 23:19,"486 6th St, Boston, MA 02215"
194117,Lightning Charging Cable,1,14.95,05/12/19 08:44,"239 Madison St, Austin, TX 73301"
194118,AA Batteries (4-pack),1,3.84,05/18/19 22:54,"762 Maple St, Boston, MA 02215"
194119,Wired Headphones,3,11.99,05/07/19 07:15,"531 Jackson St, New York City, NY 10001"
194120,AAA Batteries (4-pack),1,2.99,05/11/19 21:53,"492 Washington St, Los Angeles, CA 90001"
194121,LG Dryer,1,600.0,05/10/19 20:41,"911 Hill St, Los Angeles, CA 90001"
194122,Wired Headphones,1,11.99,05/27/19 16:18,"573 Spruce St, Dallas, TX 75001"
194123,Apple Airpods Headphones,1,150.0,05/24/19 00:34,"546 Meadow St, Atlanta, GA 30301"
194124,iPhone,1,700.0,05/04/19 23:40,"937 North St, Portland, OR 97035"
194125,Bose SoundSport Headphones,1,99.99,05/19/19 21:33,"613 Lake St, San Francisco, CA 94016"
194126,AAA Batteries (4-pack),2,2.99,05/19/19 21:28,"549 Willow St, Los Angeles, CA 90001"
194127,Wired Headphones,1,11.99,05/15/19 14:46,"320 River St, Seattle, WA 98101"
194095,Wired Headphones,1,11.99,05/16/19 17:14,"669 2nd St, New York City, NY 10001"
194096,AA Batteries (4-pack),1,3.84,05/19/19 14:43,"844 Walnut St, Dallas, TX 75001"
194097,27in FHD Monitor,1,149.99,05/24/19 11:36,"164 Madison St, New York City, NY 10001"
194182,Lightning Charging Cable,1,14.95,05/22/19 12:11,"272 11th St, Los Angeles, CA 90001"
194183,USB-C Charging Cable,1,11.95,05/20/19 16:48,"669 Lakeview St, Dallas, TX 75001"
194184,Lightning Charging Cable,1,14.95,05/18/19 10:57,"709 Center St, Dallas, TX 75001"
194185,Google Phone,1,600,05/05/19 20:34,"709 West St, San Francisco, CA 94016"
194186,iPhone,1,700,05/10/19 22:44,"495 Wilson St, Seattle, WA 98101"
194187,Macbook Pro Laptop,1,1700,05/09/19 18:06,"227 Hickory St, San Francisco, CA 94016"
194188,Apple Airpods Headphones,1,150,05/26/19 11:17,"622 Chestnut St, Los Angeles, CA 90001"
194164,34in Ultrawide Monitor,1,379.99,05/28/19 14:00,"755 Dogwood St, New York City, NY 10001"
194165,Apple Airpods Headphones,1,150,05/29/19 20:16,"725 Church St, San Francisco, CA 94016"
194166,Macbook Pro Laptop,1,1700,05/06/19 13:30,"435 North St, San Francisco, CA 94016"
194167,AA Batteries (4-pack),1,3.84,05/24/19 22:36,"187 Dogwood St, San Francisco, CA 94016"
194168,USB-C Charging Cable,2,11.95,05/20/19 13:16,"583 12th St, Portland, OR 97035"
194169,USB-C Charging Cable,1,11.95,05/01/19 18:01,"49 Lake St, Atlanta, GA 30301"
194170,Google Phone,1,600,05/30/19 12:30,"711 Maple St, San Francisco, CA 94016"
194170,USB-C Charging Cable,2,11.95,05/30/19 12:30,"711 Maple St, San Francisco, CA 94016"
194171,Vareebadd Phone,1,400,05/06/19 15:18,"498 Elm St, Atlanta, GA 30301"
194172,USB-C Charging Cable,2,11.95,05/08/19 09:21,"728 5th St, San Francisco, CA 94016"
194173,USB-C Charging Cable,1,11.95,05/30/19 14:09,"960 Lakeview St, Portland, OR 97035"
194174,iPhone,1,700,05/04/19 23:08,"37 North St, Seattle, WA 98101"
194174,Lightning Charging Cable,1,14.95,05/04/19 23:08,"37 North St, Seattle, WA 98101"
194174,Wired Headphones,2,11.99,05/04/19 23:08,"37 North St, Seattle, WA 98101"
194175,20in Monitor,1,109.99,05/26/19 17:08,"651 Cedar St, Austin, TX 73301"
194176,AA Batteries (4-pack),1,3.84,05/05/19 18:30,"154 Center St, San Francisco, CA 94016"
194177,Apple Airpods Headphones,1,150,05/22/19 20:51,"2 Highland St, New York City, NY 10001"
194178,Lightning Charging Cable,1,14.95,05/15/19 07:35,"441 Dogwood St, New York City, NY 10001"
194179,Flatscreen TV,1,300,05/10/19 22:51,"143 Spruce St, Boston, MA 02215"
194179,AAA Batteries (4-pack),2,2.99,05/10/19 22:51,"143 Spruce St, Boston, MA 02215"
194180,Bose SoundSport Headphones,1,99.99,05/06/19 17:21,"909 Ridge St, San Francisco, CA 94016"
194181,Macbook Pro Laptop,1,1700,05/21/19 21:50,"99 Jefferson St, New York City, NY 10001"
194260,Apple Airpods Headphones,1,150,05/21/19 11:07,"252 Dogwood St, Los Angeles, CA 90001"
194261,Bose SoundSport Headphones,1,99.99,05/14/19 16:48,"689 10th St, New York City, NY 10001"
194264,Wired Headphones,1,11.99,05/28/19 23:01,"996 Johnson St, Portland, OR 97035"
194265,AAA Batteries (4-pack),1,2.99,05/18/19 12:24,"65 Pine St, New York City, NY 10001"
194266,USB-C Charging Cable,1,11.95,05/22/19 21:15,"187 Park St, Atlanta, GA 30301"
194286,20in Monitor,1,109.99,05/20/19 10:17,"629 Washington St, Dallas, TX 75001"
194287,Apple Airpods Headphones,1,150,05/12/19 21:04,"899 Elm St, Seattle, WA 98101"
194288,AA Batteries (4-pack),1,3.84,05/25/19 20:16,"164 4th St, Los Angeles, CA 90001"
194289,iPhone,1,700,05/28/19 21:05,"974 Cedar St, Dallas, TX 75001"
194290,Lightning Charging Cable,1,14.95,05/01/19 17:00,"884 West St, Los Angeles, CA 90001"
194291,Apple Airpods Headphones,1,150,05/23/19 07:54,"589 Walnut St, Seattle, WA 98101"
194292,USB-C Charging Cable,1,11.95,05/27/19 11:19,"223 Maple St, San Francisco, CA 94016"
194293,34in Ultrawide Monitor,1,379.99,05/16/19 19:09,"910 Madison St, Boston, MA 02215"
194294,Macbook Pro Laptop,1,1700,05/31/19 20:44,"365 Ridge St, New York City, NY 10001"
194294,Bose SoundSport Headphones,1,99.99,05/31/19 20:44,"365 Ridge St, New York City, NY 10001"
194295,Wired Headphones,1,11.99,05/20/19 21:02,"547 9th St, Atlanta, GA 30301"
194296,AAA Batteries (4-pack),1,2.99,05/24/19 16:59,"678 Chestnut St, New York City, NY 10001"
194297,Lightning Charging Cable,1,14.95,05/29/19 13:20,"779 Washington St, San Francisco, CA 94016"
194298,Lightning Charging Cable,1,14.95,05/14/19 20:28,"628 Jefferson St, Seattle, WA 98101"
194299,USB-C Charging Cable,1,11.95,05/08/19 21:21,"826 Dogwood St, Seattle, WA 98101"
194300,Bose SoundSport Headphones,1,99.99,05/12/19 10:06,"989 Hill St, New York City, NY 10001"
194301,Wired Headphones,1,11.99,05/10/19 18:17,"397 Cedar St, Los Angeles, CA 90001"
194302,Apple Airpods Headphones,1,150,05/06/19 05:41,"834 Adams St, San Francisco, CA 94016"
194303,iPhone,1,700,05/07/19 19:31,"596 West St, New York City, NY 10001"
194304,LG Dryer,1,600.0,05/27/19 16:59,"796 West St, Dallas, TX 75001"
194305,AAA Batteries (4-pack),4,2.99,05/25/19 11:04,"818 Wilson St, Los Angeles, CA 90001"
194306,Bose SoundSport Headphones,1,99.99,05/28/19 14:49,"918 1st St, San Francisco, CA 94016"
194307,Macbook Pro Laptop,1,1700,05/25/19 15:30,"300 Elm St, San Francisco, CA 94016"
194308,USB-C Charging Cable,1,11.95,05/18/19 08:02,"980 Willow St, Los Angeles, CA 90001"
194309,27in 4K Gaming Monitor,1,389.99,05/14/19 18:28,"450 Church St, Atlanta, GA 30301"
194310,AA Batteries (4-pack),2,3.84,05/05/19 09:57,"126 Church St, Seattle, WA 98101"
194311,Apple Airpods Headphones,1,150,05/19/19 12:06,"631 14th St, New York City, NY 10001"
194312,AAA Batteries (4-pack),1,2.99,05/08/19 19:09,"658 Church St, Portland, OR 97035"
194313,Wired Headphones,1,11.99,05/30/19 18:24,"39 5th St, Seattle, WA 98101"
194314,Google Phone,1,600,05/04/19 11:11,"941 8th St, New York City, NY 10001"
194314,USB-C Charging Cable,1,11.95,05/04/19 11:11,"941 8th St, New York City, NY 10001"
194314,Wired Headphones,1,11.99,05/04/19 11:11,"941 8th St, New York City, NY 10001"
162032,Lightning Charging Cable,1,14.95,03/31/19 10:39,"498 4th St, Los Angeles, CA 90001"
162033,iPhone,1,700,03/19/19 11:06,"267 Johnson St, Dallas, TX 75001"
162034,USB-C Charging Cable,1,11.95,03/26/19 20:34,"104 Center St, Seattle, WA 98101"
162035,Macbook Pro Laptop,1,1700,03/08/19 13:07,"44 4th St, Los Angeles, CA 90001"
162036,Lightning Charging Cable,1,14.95,03/09/19 19:39,"905 Spruce St, San Francisco, CA 94016"
162037,iPhone,1,700,03/23/19 02:11,"277 Elm St, Los Angeles, CA 90001"
162037,Lightning Charging Cable,1,14.95,03/23/19 02:11,"277 Elm St, Los Angeles, CA 90001"
162038,AAA Batteries (4-pack),2,2.99,03/18/19 20:31,"53 10th St, Atlanta, GA 30301"
162039,AA Batteries (4-pack),1,3.84,03/29/19 12:01,"175 West St, San Francisco, CA 94016"
162040,USB-C Charging Cable,1,11.95,03/25/19 09:11,"973 North St, Austin, TX 73301"
162041,Apple Airpods Headphones,1,150,03/14/19 01:01,"633 13th St, Austin, TX 73301"
162042,USB-C Charging Cable,1,11.95,03/09/19 22:39,"661 7th St, San Francisco, CA 94016"
162043,AA Batteries (4-pack),1,3.84,03/29/19 10:59,"883 Walnut St, Atlanta, GA 30301"
162044,27in FHD Monitor,1,149.99,03/22/19 10:11,"469 9th St, Dallas, TX 75001"
162045,Apple Airpods Headphones,1,150,03/26/19 13:31,"906 Park St, New York City, NY 10001"
162046,AAA Batteries (4-pack),2,2.99,03/20/19 20:33,"661 1st St, San Francisco, CA 94016"
162047,Bose SoundSport Headphones,1,99.99,03/08/19 18:41,"819 9th St, Austin, TX 73301"
162048,AA Batteries (4-pack),1,3.84,03/31/19 19:24,"819 Main St, New York City, NY 10001"
162049,Lightning Charging Cable,1,14.95,03/25/19 13:35,"307 Chestnut St, Austin, TX 73301"
162050,AAA Batteries (4-pack),1,2.99,03/26/19 17:09,"870 Spruce St, Boston, MA 02215"
162051,AAA Batteries (4-pack),1,2.99,03/12/19 09:12,"565 South St, Boston, MA 02215"
162052,Wired Headphones,1,11.99,03/11/19 09:44,"971 Washington St, Los Angeles, CA 90001"
162053,iPhone,1,700,03/10/19 18:29,"660 7th St, Seattle, WA 98101"
162100,Wired Headphones,1,11.99,03/04/19 00:17,"635 Spruce St, Boston, MA 02215"
162101,Macbook Pro Laptop,1,1700,03/30/19 10:47,"253 11th St, Seattle, WA 98101"
162102,Wired Headphones,1,11.99,03/31/19 19:51,"69 Center St, New York City, NY 10001"
162103,AAA Batteries (4-pack),1,2.99,03/18/19 20:50,"860 Main St, Portland, OR 97035"
162104,Lightning Charging Cable,1,14.95,03/05/19 15:25,"572 Walnut St, New York City, NY 10001"
162105,USB-C Charging Cable,1,11.95,03/09/19 08:45,"911 South St, Seattle, WA 98101"
162106,AA Batteries (4-pack),1,3.84,03/02/19 15:25,"484 Cedar St, Los Angeles, CA 90001"
162107,Wired Headphones,1,11.99,03/29/19 15:15,"260 14th St, Austin, TX 73301"
162108,USB-C Charging Cable,2,11.95,03/26/19 11:38,"113 7th St, Los Angeles, CA 90001"
162109,Lightning Charging Cable,1,14.95,03/25/19 11:12,"686 5th St, New York City, NY 10001"
162110,20in Monitor,1,109.99,03/15/19 09:05,"705 South St, Los Angeles, CA 90001"
162111,AA Batteries (4-pack),3,3.84,03/08/19 16:59,"561 West St, San Francisco, CA 94016"
162112,34in Ultrawide Monitor,1,379.99,03/15/19 21:52,"953 Spruce St, Boston, MA 02215"
162113,Bose SoundSport Headphones,1,99.99,03/27/19 13:09,"365 Cherry St, San Francisco, CA 94016"
162114,Lightning Charging Cable,1,14.95,03/21/19 14:29,"577 South St, Atlanta, GA 30301"
162115,Flatscreen TV,1,300,03/26/19 08:06,"93 Sunset St, San Francisco, CA 94016"
162116,USB-C Charging Cable,1,11.95,03/09/19 11:48,"446 Adams St, Dallas, TX 75001"
162117,Wired Headphones,1,11.99,03/11/19 14:12,"82 Lake St, New York City, NY 10001"
162118,iPhone,1,700,03/10/19 22:32,"888 13th St, San Francisco, CA 94016"
162119,27in FHD Monitor,1,149.99,03/06/19 13:46,"980 2nd St, Austin, TX 73301"
162120,Macbook Pro Laptop,1,1700,03/15/19 18:43,"969 Washington St, Dallas, TX 75001"
162121,USB-C Charging Cable,1,11.95,03/20/19 13:05,"355 Main St, Portland, OR 97035"
162122,AAA Batteries (4-pack),1,2.99,03/06/19 10:22,"354 9th St, Seattle, WA 98101"
162123,Bose SoundSport Headphones,1,99.99,03/13/19 18:02,"295 South St, San Francisco, CA 94016"
162124,Macbook Pro Laptop,1,1700,03/27/19 09:52,"8 West St, San Francisco, CA 94016"
162125,27in 4K Gaming Monitor,1,389.99,03/29/19 12:16,"987 Chestnut St, San Francisco, CA 94016"
162126,Apple Airpods Headphones,1,150,03/17/19 19:41,"895 Jefferson St, Los Angeles, CA 90001"
162127,Macbook Pro Laptop,1,1700,03/25/19 13:08,"603 12th St, San Francisco, CA 94016"
162128,USB-C Charging Cable,1,11.95,03/23/19 22:59,"490 Jackson St, Seattle, WA 98101"
162129,AAA Batteries (4-pack),1,2.99,03/11/19 16:14,"962 Church St, San Francisco, CA 94016"
162130,USB-C Charging Cable,1,11.95,03/08/19 12:17,"211 Pine St, Dallas, TX 75001"
162131,USB-C Charging Cable,1,11.95,03/10/19 23:29,"334 Madison St, Boston, MA 02215"
162132,AA Batteries (4-pack),1,3.84,03/15/19 06:52,"488 7th St, Boston, MA 02215"
162133,AA Batteries (4-pack),1,3.84,03/10/19 09:28,"986 6th St, Seattle, WA 98101"
162134,Vareebadd Phone,1,400,03/17/19 20:36,"186 North St, Atlanta, GA 30301"
162135,USB-C Charging Cable,1,11.95,03/23/19 22:58,"112 Madison St, New York City, NY 10001"
162136,AA Batteries (4-pack),1,3.84,03/28/19 11:13,"708 4th St, San Francisco, CA 94016"
162137,Bose SoundSport Headphones,1,99.99,03/14/19 16:05,"275 Elm St, New York City, NY 10001"
162138,20in Monitor,1,109.99,03/19/19 10:10,"628 Forest St, Seattle, WA 98101"
162139,34in Ultrawide Monitor,1,379.99,03/21/19 12:21,"869 9th St, New York City, NY 10001"
162226,AA Batteries (4-pack),2,3.84,03/25/19 21:36,"858 5th St, Boston, MA 02215"
162227,AA Batteries (4-pack),3,3.84,03/30/19 19:45,"925 Jackson St, San Francisco, CA 94016"
162228,Lightning Charging Cable,1,14.95,03/14/19 09:46,"102 Meadow St, San Francisco, CA 94016"
162229,27in FHD Monitor,1,149.99,03/27/19 13:13,"823 Lake St, San Francisco, CA 94016"
162230,Lightning Charging Cable,1,14.95,03/30/19 16:55,"819 Park St, Los Angeles, CA 90001"
162231,AA Batteries (4-pack),2,3.84,03/04/19 19:42,"123 Jefferson St, Dallas, TX 75001"
162232,27in 4K Gaming Monitor,1,389.99,03/09/19 12:45,"66 Park St, Los Angeles, CA 90001"
162233,Macbook Pro Laptop,1,1700,03/29/19 19:32,"944 Ridge St, Seattle, WA 98101"
162234,AA Batteries (4-pack),1,3.84,03/06/19 13:39,"250 Johnson St, San Francisco, CA 94016"
162235,27in FHD Monitor,1,149.99,03/11/19 22:05,"122 7th St, Dallas, TX 75001"
162236,Wired Headphones,1,11.99,03/28/19 18:33,"298 Elm St, Atlanta, GA 30301"
162237,Lightning Charging Cable,2,14.95,03/23/19 16:22,"89 Chestnut St, New York City, NY 10001"
162238,AA Batteries (4-pack),1,3.84,03/14/19 17:16,"102 Willow St, Dallas, TX 75001"
162239,ThinkPad Laptop,1,999.99,03/10/19 19:45,"543 11th St, Austin, TX 73301"
162240,Lightning Charging Cable,1,14.95,03/30/19 00:13,"572 Park St, Boston, MA 02215"
162241,Macbook Pro Laptop,1,1700,03/30/19 11:58,"162 5th St, San Francisco, CA 94016"
162242,AAA Batteries (4-pack),1,2.99,03/14/19 20:32,"712 5th St, Portland, OR 97035"
162243,Lightning Charging Cable,1,14.95,03/15/19 19:18,"301 Walnut St, San Francisco, CA 94016"
162244,Google Phone,1,600,03/23/19 23:33,"76 Center St, San Francisco, CA 94016"
162244,USB-C Charging Cable,1,11.95,03/23/19 23:33,"76 Center St, San Francisco, CA 94016"
162245,AAA Batteries (4-pack),1,2.99,03/17/19 18:18,"238 West St, San Francisco, CA 94016"
162246,27in FHD Monitor,1,149.99,03/01/19 12:12,"28 Adams St, Atlanta, GA 30301"
162247,27in FHD Monitor,1,149.99,03/22/19 15:47,"10 Elm St, Austin, TX 73301"
162248,Wired Headphones,1,11.99,03/14/19 16:03,"685 5th St, San Francisco, CA 94016"
162249,Bose SoundSport Headphones,1,99.99,03/27/19 19:50,"951 Forest St, New York City, NY 10001"
162250,Flatscreen TV,1,300,03/16/19 10:47,"984 8th St, Los Angeles, CA 90001"
145681,Lightning Charging Cable,1,14.95,01/28/19 18:09,"292 Lake St, New York City, NY 10001"
145682,Google Phone,1,600,01/22/19 16:29,"503 Cedar St, San Francisco, CA 94016"
145683,Lightning Charging Cable,1,14.95,01/26/19 07:38,"686 Washington St, Seattle, WA 98101"
145684,AA Batteries (4-pack),2,3.84,01/17/19 23:24,"949 Willow St, Dallas, TX 75001"
145685,27in FHD Monitor,1,149.99,01/28/19 15:19,"713 Willow St, Atlanta, GA 30301"
145686,ThinkPad Laptop,1,999.99,01/15/19 17:55,"933 Maple St, Portland, OR 97035"
145687,iPhone,1,700,01/18/19 20:26,"125 1st St, Los Angeles, CA 90001"
145688,Google Phone,1,600,01/29/19 21:37,"279 North St, San Francisco, CA 94016"
145689,Apple Airpods Headphones,1,150,01/26/19 16:43,"894 7th St, Austin, TX 73301"
145690,Apple Airpods Headphones,1,150,01/26/19 13:58,"955 South St, Boston, MA 02215"
145691,AA Batteries (4-pack),1,3.84,01/17/19 00:26,"450 Highland St, San Francisco, CA 94016"
145692,20in Monitor,1,109.99,01/07/19 13:39,"711 Forest St, San Francisco, CA 94016"
145693,27in FHD Monitor,1,149.99,01/04/19 06:54,"92 Madison St, San Francisco, CA 94016"
145694,27in FHD Monitor,1,149.99,01/02/19 12:59,"265 2nd St, Los Angeles, CA 90001"
145695,AAA Batteries (4-pack),1,2.99,01/15/19 14:49,"466 14th St, New York City, NY 10001"
145696,Lightning Charging Cable,1,14.95,01/13/19 11:10,"44 Elm St, Los Angeles, CA 90001"
145697,AA Batteries (4-pack),1,3.84,01/24/19 18:48,"56 1st St, San Francisco, CA 94016"
145698,Wired Headphones,1,11.99,01/12/19 10:13,"411 Adams St, Atlanta, GA 30301"
145698,ThinkPad Laptop,1,999.99,01/12/19 10:13,"411 Adams St, Atlanta, GA 30301"
145699,AAA Batteries (4-pack),1,2.99,01/13/19 19:31,"507 North St, New York City, NY 10001"
145700,USB-C Charging Cable,1,11.95,01/30/19 10:53,"912 South St, Dallas, TX 75001"
145701,Apple Airpods Headphones,1,150,01/20/19 18:23,"170 1st St, San Francisco, CA 94016"
145702,Flatscreen TV,1,300,01/24/19 17:16,"189 7th St, Los Angeles, CA 90001"
145703,AA Batteries (4-pack),1,3.84,01/15/19 18:32,"552 12th St, Boston, MA 02215"
145704,iPhone,1,700,01/21/19 15:25,"671 Cherry St, New York City, NY 10001"
145705,Wired Headphones,1,11.99,01/31/19 14:20,"132 West St, Los Angeles, CA 90001"
145706,Apple Airpods Headphones,1,150,01/13/19 05:37,"712 5th St, Dallas, TX 75001"
145707,AA Batteries (4-pack),1,3.84,01/14/19 21:15,"74 North St, New York City, NY 10001"
145708,27in FHD Monitor,1,149.99,01/12/19 12:54,"850 10th St, Seattle, WA 98101"
145709,iPhone,1,700,01/29/19 02:00,"205 7th St, New York City, NY 10001"
145710,Apple Airpods Headphones,1,150,01/16/19 22:37,"144 Lake St, New York City, NY 10001"
145711,Bose SoundSport Headphones,1,99.99,01/22/19 09:31,"541 8th St, Boston, MA 02215"
145712,AA Batteries (4-pack),1,3.84,01/30/19 22:07,"232 Johnson St, New York City, NY 10001"
145713,20in Monitor,1,109.99,01/28/19 19:48,"614 South St, San Francisco, CA 94016"
145714,USB-C Charging Cable,1,11.95,01/28/19 15:39,"233 West St, Atlanta, GA 30301"
145715,LG Dryer,1,600.0,01/15/19 14:19,"239 6th St, New York City, NY 10001"
145716,Wired Headphones,1,11.99,01/30/19 19:52,"771 Center St, Boston, MA 02215"
145717,USB-C Charging Cable,2,11.95,01/12/19 16:38,"4 Wilson St, San Francisco, CA 94016"
145718,Google Phone,1,600,01/18/19 08:51,"829 River St, Portland, ME 04101"
145718,Wired Headphones,1,11.99,01/18/19 08:51,"829 River St, Portland, ME 04101"
145719,Apple Airpods Headphones,1,150,01/15/19 12:57,"817 Madison St, San Francisco, CA 94016"
145720,Wired Headphones,1,11.99,01/22/19 06:21,"175 Church St, San Francisco, CA 94016"
145721,ThinkPad Laptop,1,999.99,01/20/19 16:31,"83 Lincoln St, New York City, NY 10001"
145722,AAA Batteries (4-pack),2,2.99,01/07/19 11:27,"959 Lake St, San Francisco, CA 94016"
145723,Lightning Charging Cable,1,14.95,01/17/19 17:44,"944 Ridge St, San Francisco, CA 94016"
145724,Bose SoundSport Headphones,1,99.99,01/22/19 22:54,"463 River St, Atlanta, GA 30301"
145725,Flatscreen TV,1,300,01/11/19 19:52,"756 Lincoln St, Seattle, WA 98101"
145725,Lightning Charging Cable,1,14.95,01/11/19 19:52,"756 Lincoln St, Seattle, WA 98101"
145726,Apple Airpods Headphones,1,150,01/15/19 21:07,"98 Center St, Los Angeles, CA 90001"
145727,Lightning Charging Cable,1,14.95,01/03/19 13:31,"5 13th St, Boston, MA 02215"
145728,Lightning Charging Cable,2,14.95,01/03/19 20:11,"864 Johnson St, San Francisco, CA 94016"
145729,Wired Headphones,1,11.99,01/18/19 22:23,"147 Sunset St, Los Angeles, CA 90001"
145730,USB-C Charging Cable,1,11.95,01/18/19 10:49,"732 Chestnut St, Los Angeles, CA 90001"
145731,Macbook Pro Laptop,1,1700,01/29/19 10:19,"483 West St, San Francisco, CA 94016"
145732,AAA Batteries (4-pack),1,2.99,01/24/19 08:39,"844 Johnson St, Seattle, WA 98101"
145733,AAA Batteries (4-pack),1,2.99,01/28/19 12:23,"707 North St, Austin, TX 73301"
145734,Lightning Charging Cable,1,14.95,01/20/19 11:06,"31 9th St, Portland, OR 97035"
145735,AAA Batteries (4-pack),1,2.99,01/05/19 12:44,"820 Lakeview St, Los Angeles, CA 90001"
145736,Wired Headphones,1,11.99,01/29/19 13:03,"916 13th St, Los Angeles, CA 90001"
145737,Google Phone,1,600,01/09/19 01:37,"958 Elm St, Boston, MA 02215"
145738,Apple Airpods Headphones,1,150,01/08/19 13:50,"573 2nd St, Seattle, WA 98101"
145739,Wired Headphones,1,11.99,01/22/19 14:23,"588 Lakeview St, New York City, NY 10001"
145740,Apple Airpods Headphones,1,150,01/25/19 13:51,"254 Hill St, Los Angeles, CA 90001"
145741,Apple Airpods Headphones,1,150,01/13/19 18:28,"259 Cherry St, Los Angeles, CA 90001"
145742,Flatscreen TV,1,300,01/17/19 12:10,"194 Jackson St, San Francisco, CA 94016"
145743,27in FHD Monitor,1,149.99,01/16/19 18:25,"600 1st St, Dallas, TX 75001"
145744,iPhone,1,700,01/23/19 17:49,"853 Main St, Dallas, TX 75001"
145745,Lightning Charging Cable,1,14.95,01/07/19 08:23,"352 Cherry St, Dallas, TX 75001"
145746,Lightning Charging Cable,1,14.95,01/09/19 14:28,"543 River St, Portland, ME 04101"
145747,34in Ultrawide Monitor,1,379.99,01/28/19 20:25,"774 2nd St, San Francisco, CA 94016"
145748,Vareebadd Phone,1,400,01/29/19 20:57,"895 Meadow St, Los Angeles, CA 90001"
145749,AAA Batteries (4-pack),1,2.99,01/05/19 04:42,"850 2nd St, Dallas, TX 75001"
145750,AAA Batteries (4-pack),1,2.99,01/29/19 16:54,"350 Chestnut St, San Francisco, CA 94016"
145751,34in Ultrawide Monitor,1,379.99,01/04/19 13:32,"613 Highland St, New York City, NY 10001"
145752,LG Dryer,1,600.0,01/02/19 19:52,"19 Pine St, San Francisco, CA 94016"
145753,27in FHD Monitor,1,149.99,01/03/19 01:04,"728 Lake St, Boston, MA 02215"
145754,AAA Batteries (4-pack),3,2.99,01/17/19 10:26,"163 11th St, San Francisco, CA 94016"
145755,AA Batteries (4-pack),2,3.84,01/10/19 07:51,"975 Jefferson St, Boston, MA 02215"
145755,Wired Headphones,1,11.99,01/10/19 07:51,"975 Jefferson St, Boston, MA 02215"
145756,Lightning Charging Cable,1,14.95,01/30/19 23:21,"263 Elm St, Los Angeles, CA 90001"
145757,27in 4K Gaming Monitor,1,389.99,01/27/19 17:48,"644 5th St, Dallas, TX 75001"
145758,Wired Headphones,1,11.99,01/22/19 22:05,"393 Lakeview St, Seattle, WA 98101"
145759,Lightning Charging Cable,1,14.95,01/08/19 02:49,"86 12th St, New York City, NY 10001"
145760,Bose SoundSport Headphones,1,99.99,01/03/19 20:54,"378 11th St, New York City, NY 10001"
145761,Bose SoundSport Headphones,1,99.99,01/24/19 16:57,"113 Spruce St, San Francisco, CA 94016"
145762,USB-C Charging Cable,1,11.95,01/07/19 18:17,"931 Elm St, Portland, OR 97035"
145763,USB-C Charging Cable,1,11.95,01/10/19 11:18,"438 Adams St, Dallas, TX 75001"
145763,iPhone,1,700,01/10/19 11:18,"438 Adams St, Dallas, TX 75001"
145764,AAA Batteries (4-pack),2,2.99,01/22/19 11:53,"362 Pine St, San Francisco, CA 94016"
145765,LG Dryer,1,600.0,01/03/19 20:35,"567 12th St, Seattle, WA 98101"
145766,Lightning Charging Cable,1,14.95,01/25/19 20:27,"227 Chestnut St, Dallas, TX 75001"
145767,Macbook Pro Laptop,1,1700,01/02/19 10:55,"490 11th St, Dallas, TX 75001"
145768,27in 4K Gaming Monitor,1,389.99,01/08/19 09:24,"663 14th St, San Francisco, CA 94016"
145769,Apple Airpods Headphones,1,150,01/01/19 10:32,"504 9th St, Austin, TX 73301"
145770,USB-C Charging Cable,3,11.95,01/04/19 12:23,"718 12th St, Los Angeles, CA 90001"
145771,AA Batteries (4-pack),1,3.84,01/31/19 18:44,"698 Park St, Dallas, TX 75001"
145772,Lightning Charging Cable,1,14.95,01/18/19 08:56,"80 1st St, Los Angeles, CA 90001"
145773,Lightning Charging Cable,1,14.95,01/10/19 21:56,"887 12th St, Atlanta, GA 30301"
145774,USB-C Charging Cable,1,11.95,01/16/19 12:51,"647 Lake St, San Francisco, CA 94016"
145775,Lightning Charging Cable,1,14.95,01/13/19 14:11,"512 Forest St, San Francisco, CA 94016"
145776,20in Monitor,1,109.99,01/17/19 08:52,"381 14th St, San Francisco, CA 94016"
145777,Wired Headphones,1,11.99,01/23/19 21:43,"345 Maple St, San Francisco, CA 94016"
145778,USB-C Charging Cable,1,11.95,01/20/19 11:57,"92 Adams St, San Francisco, CA 94016"
145779,AAA Batteries (4-pack),2,2.99,01/22/19 05:54,"406 Sunset St, Boston, MA 02215"
145780,iPhone,1,700,01/22/19 19:48,"224 Elm St, San Francisco, CA 94016"
145781,Macbook Pro Laptop,1,1700,01/12/19 15:03,"395 14th St, San Francisco, CA 94016"
145782,27in 4K Gaming Monitor,1,389.99,01/19/19 08:45,"563 14th St, Austin, TX 73301"
145783,AA Batteries (4-pack),1,3.84,01/03/19 18:39,"861 Lake St, New York City, NY 10001"
145784,AA Batteries (4-pack),1,3.84,01/07/19 19:31,"252 Jefferson St, San Francisco, CA 94016"
145785,USB-C Charging Cable,1,11.95,01/29/19 01:33,"60 Pine St, Boston, MA 02215"
145790,AA Batteries (4-pack),1,3.84,01/24/19 23:33,"783 8th St, San Francisco, CA 94016"
145791,AA Batteries (4-pack),5,3.84,01/28/19 10:39,"893 Main St, San Francisco, CA 94016"
145792,AAA Batteries (4-pack),1,2.99,01/20/19 12:51,"169 12th St, Seattle, WA 98101"
145793,27in 4K Gaming Monitor,1,389.99,01/26/19 10:24,"469 Park St, Dallas, TX 75001"
145794,20in Monitor,1,109.99,01/25/19 20:19,"407 Jackson St, Dallas, TX 75001"
145795,Macbook Pro Laptop,1,1700,01/28/19 18:49,"144 6th St, Atlanta, GA 30301"
145796,Lightning Charging Cable,1,14.95,01/10/19 08:12,"245 Willow St, Boston, MA 02215"
145797,Macbook Pro Laptop,1,1700,01/30/19 18:46,"738 Pine St, Boston, MA 02215"
145798,Flatscreen TV,1,300,01/04/19 10:33,"467 13th St, Los Angeles, CA 90001"
145799,Apple Airpods Headphones,1,150,01/20/19 10:54,"654 Hill St, Portland, OR 97035"
145800,34in Ultrawide Monitor,1,379.99,01/26/19 11:41,"371 4th St, Seattle, WA 98101"
145801,Lightning Charging Cable,1,14.95,01/14/19 23:41,"552 Washington St, Boston, MA 02215"
145802,27in FHD Monitor,1,149.99,01/15/19 21:39,"924 6th St, Seattle, WA 98101"
145803,27in FHD Monitor,1,149.99,01/09/19 15:25,"145 4th St, New York City, NY 10001"
145804,Wired Headphones,1,11.99,01/14/19 06:55,"901 11th St, Dallas, TX 75001"
145805,AA Batteries (4-pack),1,3.84,01/07/19 14:38,"503 5th St, Boston, MA 02215"
145806,Apple Airpods Headphones,1,150,01/14/19 17:10,"515 Lincoln St, New York City, NY 10001"
145807,AAA Batteries (4-pack),3,2.99,01/30/19 13:33,"228 5th St, Portland, ME 04101"
145808,Flatscreen TV,1,300,01/14/19 22:00,"80 Meadow St, Dallas, TX 75001"
145809,USB-C Charging Cable,1,11.95,01/08/19 17:46,"142 Forest St, San Francisco, CA 94016"
145810,iPhone,1,700,01/11/19 20:21,"67 Adams St, New York City, NY 10001"
145810,Lightning Charging Cable,1,14.95,01/11/19 20:21,"67 Adams St, New York City, NY 10001"
145811,Apple Airpods Headphones,1,150,01/21/19 08:25,"153 Highland St, Portland, OR 97035"
145812,AA Batteries (4-pack),3,3.84,01/19/19 08:54,"78 Jackson St, Atlanta, GA 30301"
145813,USB-C Charging Cable,1,11.95,01/16/19 19:32,"288 5th St, Portland, OR 97035"
145814,20in Monitor,1,109.99,01/02/19 21:42,"616 9th St, Boston, MA 02215"
145815,34in Ultrawide Monitor,1,379.99,01/12/19 22:10,"193 Park St, Boston, MA 02215"
145816,Apple Airpods Headphones,1,150,01/21/19 11:07,"528 Dogwood St, Boston, MA 02215"
145817,AA Batteries (4-pack),1,3.84,01/05/19 19:20,"259 Spruce St, Los Angeles, CA 90001"
145818,Wired Headphones,1,11.99,01/06/19 10:50,"394 13th St, Seattle, WA 98101"
145819,USB-C Charging Cable,1,11.95,01/16/19 14:43,"657 Sunset St, San Francisco, CA 94016"
145820,iPhone,1,700,01/01/19 18:41,"281 Washington St, Boston, MA 02215"
145821,Apple Airpods Headphones,1,150,01/20/19 18:13,"224 11th St, New York City, NY 10001"
145822,Macbook Pro Laptop,1,1700,01/10/19 20:29,"735 Dogwood St, San Francisco, CA 94016"
145824,Wired Headphones,1,11.99,01/24/19 14:37,"460 Highland St, Boston, MA 02215"
145825,Lightning Charging Cable,1,14.95,01/30/19 12:01,"103 8th St, Los Angeles, CA 90001"
145826,Flatscreen TV,1,300,01/25/19 20:09,"366 Highland St, Atlanta, GA 30301"
145827,Apple Airpods Headphones,1,150,01/12/19 20:46,"441 Lakeview St, San Francisco, CA 94016"
145828,Lightning Charging Cable,1,14.95,01/20/19 13:42,"403 Adams St, New York City, NY 10001"
145829,Lightning Charging Cable,1,14.95,01/03/19 15:26,"813 Lake St, Dallas, TX 75001"
145830,AA Batteries (4-pack),1,3.84,01/25/19 10:16,"379 8th St, Austin, TX 73301"
145831,ThinkPad Laptop,1,999.99,01/19/19 17:08,"687 Highland St, Portland, ME 04101"
145832,Flatscreen TV,1,300,01/29/19 09:31,"679 Maple St, Boston, MA 02215"
145833,Apple Airpods Headphones,1,150,01/31/19 10:30,"667 Washington St, Seattle, WA 98101"
145834,Bose SoundSport Headphones,1,99.99,01/15/19 18:24,"131 Highland St, San Francisco, CA 94016"
145835,Lightning Charging Cable,1,14.95,01/19/19 21:50,"915 Highland St, San Francisco, CA 94016"
145836,Google Phone,1,600,01/22/19 08:50,"592 Adams St, Boston, MA 02215"
145837,27in FHD Monitor,1,149.99,01/12/19 16:11,"73 13th St, San Francisco, CA 94016"
319622,Macbook Pro Laptop,1,1700,12/15/19 07:11,"180 Ridge St, Boston, MA 02215"
319623,Wired Headphones,1,11.99,12/11/19 19:11,"164 Meadow St, Los Angeles, CA 90001"
319624,AA Batteries (4-pack),2,3.84,12/30/19 12:15,"837 Jefferson St, Atlanta, GA 30301"
319625,AA Batteries (4-pack),1,3.84,12/01/19 13:40,"325 Forest St, Portland, OR 97035"
319626,27in 4K Gaming Monitor,1,389.99,12/06/19 17:21,"763 West St, San Francisco, CA 94016"
319627,Lightning Charging Cable,1,14.95,12/29/19 12:29,"752 11th St, Boston, MA 02215"
319628,Apple Airpods Headphones,1,150,12/26/19 13:46,"421 Maple St, Boston, MA 02215"
319629,iPhone,1,700,12/18/19 15:41,"941 Willow St, Dallas, TX 75001"
319630,27in 4K Gaming Monitor,1,389.99,12/16/19 12:18,"375 13th St, San Francisco, CA 94016"
319631,34in Ultrawide Monitor,1,379.99,12/17/19 22:35,"363 Highland St, Austin, TX 73301"
319631,Lightning Charging Cable,1,14.95,12/17/19 22:35,"363 Highland St, Austin, TX 73301"
319632,Google Phone,1,600,12/29/19 17:25,"59 Cherry St, Boston, MA 02215"
319633,USB-C Charging Cable,1,11.95,12/07/19 07:12,"568 Walnut St, Atlanta, GA 30301"
319634,iPhone,1,700,12/11/19 16:29,"817 Center St, Boston, MA 02215"
319635,Bose SoundSport Headphones,1,99.99,12/30/19 18:25,"515 North St, New York City, NY 10001"
319636,34in Ultrawide Monitor,1,379.99,12/19/19 18:21,"829 6th St, Boston, MA 02215"
319637,Wired Headphones,1,11.99,12/31/19 22:14,"641 Adams St, Portland, OR 97035"
319638,USB-C Charging Cable,1,11.95,12/22/19 19:08,"235 Spruce St, Portland, OR 97035"
319639,Macbook Pro Laptop,1,1700,12/20/19 10:56,"616 Highland St, Seattle, WA 98101"
319640,Apple Airpods Headphones,1,150,12/10/19 08:51,"116 Hickory St, Los Angeles, CA 90001"
319641,Macbook Pro Laptop,1,1700,12/04/19 23:11,"232 Meadow St, Portland, OR 97035"
319642,Lightning Charging Cable,1,14.95,12/22/19 19:23,"928 Chestnut St, Austin, TX 73301"
319643,AA Batteries (4-pack),2,3.84,12/25/19 12:38,"811 Hill St, San Francisco, CA 94016"
319644,AA Batteries (4-pack),1,3.84,12/30/19 18:09,"420 Madison St, New York City, NY 10001"
319645,Vareebadd Phone,1,400,12/06/19 23:20,"149 Cedar St, Dallas, TX 75001"
319646,34in Ultrawide Monitor,1,379.99,12/20/19 09:38,"52 Dogwood St, Atlanta, GA 30301"
319647,AA Batteries (4-pack),2,3.84,12/28/19 17:43,"119 Spruce St, San Francisco, CA 94016"
319648,20in Monitor,1,109.99,12/25/19 11:31,"839 Chestnut St, San Francisco, CA 94016"
319649,Google Phone,1,600,12/23/19 18:46,"24 Wilson St, San Francisco, CA 94016"
319650,Apple Airpods Headphones,1,150,12/18/19 08:29,"574 Wilson St, New York City, NY 10001"
319651,Lightning Charging Cable,1,14.95,12/14/19 22:36,"763 Washington St, Boston, MA 02215"
319652,AAA Batteries (4-pack),1,2.99,12/14/19 23:30,"151 Hickory St, Los Angeles, CA 90001"
319653,AAA Batteries (4-pack),1,2.99,12/03/19 05:50,"542 Elm St, New York City, NY 10001"
319654,AA Batteries (4-pack),1,3.84,12/23/19 14:08,"245 Dogwood St, Atlanta, GA 30301"
319655,Wired Headphones,1,11.99,12/28/19 19:38,"614 Cherry St, Austin, TX 73301"
319656,Apple Airpods Headphones,1,150,12/26/19 23:17,"700 5th St, Dallas, TX 75001"
319657,LG Dryer,1,600.0,12/05/19 13:22,"159 Lake St, Portland, OR 97035"
319658,AAA Batteries (4-pack),2,2.99,12/24/19 20:46,"574 Dogwood St, San Francisco, CA 94016"
319659,Lightning Charging Cable,1,14.95,12/13/19 07:25,"764 1st St, San Francisco, CA 94016"
319564,Bose SoundSport Headphones,1,99.99,12/23/19 14:32,"955 13th St, San Francisco, CA 94016"
319565,AA Batteries (4-pack),1,3.84,12/15/19 09:56,"81 Sunset St, Los Angeles, CA 90001"
319566,iPhone,1,700,12/28/19 00:41,"260 West St, Dallas, TX 75001"
319567,Bose SoundSport Headphones,1,99.99,12/10/19 09:39,"726 Main St, San Francisco, CA 94016"
319568,20in Monitor,1,109.99,12/29/19 18:25,"128 Pine St, Atlanta, GA 30301"
319569,Bose SoundSport Headphones,1,99.99,12/15/19 12:13,"521 Ridge St, New York City, NY 10001"
319570,Macbook Pro Laptop,1,1700,12/09/19 17:40,"57 13th St, Boston, MA 02215"
319571,Lightning Charging Cable,1,14.95,12/12/19 23:48,"171 Main St, San Francisco, CA 94016"
319572,Bose SoundSport Headphones,1,99.99,12/18/19 10:20,"10 Jefferson St, Los Angeles, CA 90001"
319573,Wired Headphones,1,11.99,12/13/19 09:40,"212 Walnut St, San Francisco, CA 94016"
319574,USB-C Charging Cable,1,11.95,12/26/19 00:18,"259 7th St, Los Angeles, CA 90001"
319575,AA Batteries (4-pack),1,3.84,12/16/19 18:44,"412 River St, New York City, NY 10001"
319576,Apple Airpods Headphones,1,150,12/04/19 20:39,"733 Walnut St, Los Angeles, CA 90001"
319577,AA Batteries (4-pack),1,3.84,12/02/19 21:55,"656 Lake St, San Francisco, CA 94016"
319578,34in Ultrawide Monitor,1,379.99,12/13/19 11:39,"458 Center St, Austin, TX 73301"
319579,Lightning Charging Cable,1,14.95,12/19/19 19:28,"285 4th St, Los Angeles, CA 90001"
319580,Lightning Charging Cable,1,14.95,12/03/19 18:58,"133 Johnson St, Boston, MA 02215"
319581,27in 4K Gaming Monitor,1,389.99,12/04/19 19:36,"17 Hill St, Boston, MA 02215"
319582,Bose SoundSport Headphones,1,99.99,12/06/19 21:01,"509 Dogwood St, San Francisco, CA 94016"
319583,AAA Batteries (4-pack),1,2.99,12/30/19 14:46,"261 4th St, Boston, MA 02215"
319584,iPhone,1,700,12/11/19 00:30,"537 Sunset St, Portland, OR 97035"
319584,Wired Headphones,1,11.99,12/11/19 00:30,"537 Sunset St, Portland, OR 97035"
319585,27in 4K Gaming Monitor,1,389.99,12/27/19 14:01,"987 11th St, Atlanta, GA 30301"
319586,AAA Batteries (4-pack),2,2.99,12/23/19 01:11,"920 Center St, Austin, TX 73301"
319587,27in 4K Gaming Monitor,1,389.99,12/03/19 18:24,"622 Center St, San Francisco, CA 94016"
319588,LG Dryer,1,600.0,12/21/19 12:49,"205 Hickory St, New York City, NY 10001"
319589,USB-C Charging Cable,1,11.95,12/01/19 12:09,"387 5th St, New York City, NY 10001"
319590,AA Batteries (4-pack),1,3.84,12/14/19 15:37,"607 Lake St, San Francisco, CA 94016"
317863,AA Batteries (4-pack),1,3.84,12/20/19 19:17,"290 9th St, Los Angeles, CA 90001"
317864,Wired Headphones,1,11.99,12/21/19 21:17,"931 South St, San Francisco, CA 94016"
317865,Vareebadd Phone,1,400,12/08/19 21:02,"236 Cherry St, New York City, NY 10001"
317866,ThinkPad Laptop,1,999.99,12/14/19 20:13,"566 Lake St, San Francisco, CA 94016"
317867,AA Batteries (4-pack),1,3.84,12/07/19 15:00,"27 11th St, Los Angeles, CA 90001"
317868,AA Batteries (4-pack),1,3.84,12/28/19 21:23,"463 Madison St, New York City, NY 10001"
317869,USB-C Charging Cable,1,11.95,12/04/19 00:26,"871 Highland St, Boston, MA 02215"
317870,LG Dryer,1,600.0,12/14/19 18:10,"857 14th St, San Francisco, CA 94016"
317871,AA Batteries (4-pack),1,3.84,12/27/19 14:20,"830 14th St, New York City, NY 10001"
317872,Wired Headphones,1,11.99,12/12/19 07:05,"636 South St, Boston, MA 02215"
317873,34in Ultrawide Monitor,1,379.99,12/16/19 20:34,"289 River St, Boston, MA 02215"
317874,27in FHD Monitor,1,149.99,12/08/19 19:21,"878 Jefferson St, New York City, NY 10001"
317875,Wired Headphones,1,11.99,12/10/19 00:13,"235 Lakeview St, Boston, MA 02215"
317876,Lightning Charging Cable,1,14.95,12/09/19 17:23,"172 Meadow St, Austin, TX 73301"
317877,AAA Batteries (4-pack),1,2.99,12/04/19 20:37,"329 9th St, San Francisco, CA 94016"
317878,USB-C Charging Cable,1,11.95,12/16/19 13:12,"147 Forest St, Seattle, WA 98101"
317879,Bose SoundSport Headphones,1,99.99,12/22/19 18:15,"505 Lincoln St, Austin, TX 73301"
317880,ThinkPad Laptop,1,999.99,12/29/19 15:14,"953 Dogwood St, Seattle, WA 98101"
317881,AA Batteries (4-pack),2,3.84,12/01/19 17:01,"417 Sunset St, San Francisco, CA 94016"
317882,Google Phone,1,600,12/11/19 11:05,"57 Ridge St, San Francisco, CA 94016"
317883,AAA Batteries (4-pack),2,2.99,12/29/19 18:54,"185 Forest St, San Francisco, CA 94016"
317884,USB-C Charging Cable,1,11.95,12/07/19 06:53,"73 11th St, Atlanta, GA 30301"
317885,34in Ultrawide Monitor,1,379.99,12/11/19 22:56,"813 7th St, Atlanta, GA 30301"
317886,USB-C Charging Cable,1,11.95,12/23/19 12:59,"571 Jefferson St, New York City, NY 10001"
317887,USB-C Charging Cable,1,11.95,12/15/19 08:15,"623 North St, Seattle, WA 98101"
317888,Apple Airpods Headphones,1,150,12/31/19 20:23,"897 Cherry St, Los Angeles, CA 90001"
317889,AA Batteries (4-pack),1,3.84,12/14/19 19:49,"916 Hickory St, Atlanta, GA 30301"
317890,ThinkPad Laptop,1,999.99,12/04/19 13:28,"948 Chestnut St, Dallas, TX 75001"
317891,Bose SoundSport Headphones,1,99.99,12/23/19 09:45,"127 Main St, New York City, NY 10001"
317892,AAA Batteries (4-pack),2,2.99,12/01/19 13:04,"18 2nd St, San Francisco, CA 94016"
317893,Lightning Charging Cable,1,14.95,12/09/19 16:19,"834 Wilson St, San Francisco, CA 94016"
317894,AA Batteries (4-pack),2,3.84,12/20/19 18:37,"941 West St, Los Angeles, CA 90001"
317895,AAA Batteries (4-pack),1,2.99,12/14/19 08:41,"76 Pine St, Atlanta, GA 30301"
317896,Lightning Charging Cable,1,14.95,12/13/19 16:51,"242 Elm St, Los Angeles, CA 90001"
317897,Wired Headphones,1,11.99,12/12/19 22:51,"740 Center St, Los Angeles, CA 90001"
317898,Apple Airpods Headphones,1,150,12/01/19 16:50,"392 Hill St, Los Angeles, CA 90001"
317899,Flatscreen TV,1,300,12/09/19 22:57,"612 Madison St, Dallas, TX 75001"
317900,Lightning Charging Cable,2,14.95,12/23/19 17:23,"475 13th St, Dallas, TX 75001"
317901,USB-C Charging Cable,2,11.95,12/30/19 22:13,"851 11th St, Seattle, WA 98101"
317902,Bose SoundSport Headphones,1,99.99,12/31/19 12:45,"347 Dogwood St, San Francisco, CA 94016"
317903,AAA Batteries (4-pack),1,2.99,12/15/19 10:29,"541 Wilson St, Dallas, TX 75001"
317904,Wired Headphones,1,11.99,12/02/19 23:29,"441 Jackson St, Los Angeles, CA 90001"
317905,USB-C Charging Cable,1,11.95,12/15/19 11:07,"973 12th St, San Francisco, CA 94016"
317906,Wired Headphones,1,11.99,12/02/19 12:43,"593 North St, San Francisco, CA 94016"
317907,27in 4K Gaming Monitor,1,389.99,12/13/19 19:19,"664 5th St, Atlanta, GA 30301"
317908,AAA Batteries (4-pack),1,2.99,12/08/19 13:00,"29 Jackson St, Atlanta, GA 30301"
317909,Bose SoundSport Headphones,1,99.99,12/01/19 14:27,"433 Meadow St, Seattle, WA 98101"
317910,USB-C Charging Cable,1,11.95,12/12/19 11:37,"513 Church St, San Francisco, CA 94016"
317911,ThinkPad Laptop,1,999.99,12/21/19 13:46,"836 Chestnut St, Portland, OR 97035"
317912,AA Batteries (4-pack),1,3.84,12/10/19 12:54,"489 Madison St, Boston, MA 02215"
317913,Lightning Charging Cable,1,14.95,12/30/19 13:32,"239 11th St, San Francisco, CA 94016"
317914,Wired Headphones,2,11.99,12/15/19 20:39,"239 Walnut St, Portland, OR 97035"
317915,Wired Headphones,1,11.99,12/04/19 19:22,"601 Johnson St, Boston, MA 02215"
317916,Wired Headphones,1,11.99,12/02/19 06:43,"769 Washington St, Atlanta, GA 30301"
317917,Wired Headphones,1,11.99,12/01/19 23:10,"732 Jackson St, Portland, ME 04101"
317918,iPhone,1,700,12/24/19 15:30,"409 Madison St, Los Angeles, CA 90001"
317918,Lightning Charging Cable,1,14.95,12/24/19 15:30,"409 Madison St, Los Angeles, CA 90001"
317919,AA Batteries (4-pack),1,3.84,12/02/19 14:29,"272 7th St, Los Angeles, CA 90001"
317920,Flatscreen TV,1,300,12/05/19 13:16,"893 Hickory St, San Francisco, CA 94016"
317921,20in Monitor,1,109.99,12/21/19 05:03,"309 Center St, New York City, NY 10001"
317922,Apple Airpods Headphones,1,150,12/28/19 10:42,"47 Meadow St, Dallas, TX 75001"
317923,Vareebadd Phone,1,400,12/29/19 20:05,"662 Maple St, Portland, OR 97035"
317924,20in Monitor,1,109.99,12/20/19 18:29,"173 9th St, Dallas, TX 75001"
317925,Lightning Charging Cable,1,14.95,12/29/19 07:37,"564 South St, Atlanta, GA 30301"
317926,AAA Batteries (4-pack),1,2.99,12/30/19 07:37,"565 West St, Los Angeles, CA 90001"
317927,Macbook Pro Laptop,1,1700,12/13/19 12:05,"17 Lakeview St, Dallas, TX 75001"
317928,Wired Headphones,1,11.99,12/25/19 13:25,"813 Hill St, San Francisco, CA 94016"
317929,34in Ultrawide Monitor,1,379.99,12/08/19 00:49,"120 Ridge St, Los Angeles, CA 90001"
317930,Wired Headphones,1,11.99,12/31/19 08:49,"619 10th St, San Francisco, CA 94016"
317931,Lightning Charging Cable,1,14.95,12/31/19 12:05,"567 Main St, Boston, MA 02215"
317932,iPhone,1,700,12/02/19 08:42,"944 Walnut St, Austin, TX 73301"
317933,Apple Airpods Headphones,1,150,12/17/19 06:22,"654 Dogwood St, New York City, NY 10001"
317934,ThinkPad Laptop,1,999.99,12/24/19 06:52,"317 Dogwood St, Atlanta, GA 30301"
317934,AA Batteries (4-pack),1,3.84,12/24/19 06:52,"317 Dogwood St, Atlanta, GA 30301"
317935,Apple Airpods Headphones,1,150,12/04/19 19:57,"201 Park St, Dallas, TX 75001"
317936,USB-C Charging Cable,1,11.95,12/09/19 12:22,"937 Johnson St, Dallas, TX 75001"
317937,Wired Headphones,1,11.99,12/15/19 12:18,"491 Elm St, Atlanta, GA 30301"
317938,20in Monitor,1,109.99,12/06/19 14:21,"483 Hickory St, Portland, OR 97035"
317939,20in Monitor,1,109.99,12/29/19 02:30,"538 8th St, San Francisco, CA 94016"
317940,Google Phone,1,600,12/23/19 16:48,"446 Spruce St, Boston, MA 02215"
317941,Bose SoundSport Headphones,1,99.99,12/01/19 11:02,"142 Lake St, San Francisco, CA 94016"
317942,Apple Airpods Headphones,1,150,12/07/19 14:15,"476 2nd St, San Francisco, CA 94016"
317943,iPhone,1,700,12/12/19 17:44,"207 11th St, New York City, NY 10001"
317944,AA Batteries (4-pack),1,3.84,12/13/19 14:20,"195 2nd St, Dallas, TX 75001"
317945,Wired Headphones,1,11.99,12/21/19 01:49,"234 Lake St, San Francisco, CA 94016"
317946,AA Batteries (4-pack),1,3.84,12/06/19 23:51,"896 9th St, San Francisco, CA 94016"
317947,AA Batteries (4-pack),2,3.84,12/29/19 22:11,"574 West St, Seattle, WA 98101"
317948,Wired Headphones,1,11.99,12/07/19 14:43,"587 Lincoln St, Boston, MA 02215"
317949,27in FHD Monitor,1,149.99,12/26/19 17:36,"252 Maple St, Seattle, WA 98101"
317950,34in Ultrawide Monitor,1,379.99,12/28/19 18:59,"849 14th St, San Francisco, CA 94016"
317951,Apple Airpods Headphones,1,150,12/19/19 12:21,"864 9th St, New York City, NY 10001"
317952,Vareebadd Phone,1,400,12/18/19 20:17,"993 Park St, Dallas, TX 75001"
317953,Lightning Charging Cable,1,14.95,12/28/19 11:20,"581 8th St, San Francisco, CA 94016"
317954,Apple Airpods Headphones,1,150,12/16/19 08:11,"598 11th St, San Francisco, CA 94016"
317955,AAA Batteries (4-pack),2,2.99,12/02/19 13:10,"886 8th St, New York City, NY 10001"
317956,USB-C Charging Cable,1,11.95,12/29/19 16:28,"280 Cherry St, Dallas, TX 75001"
317957,AA Batteries (4-pack),1,3.84,12/21/19 16:28,"104 13th St, Boston, MA 02215"
317958,Bose SoundSport Headphones,1,99.99,12/09/19 15:26,"505 Sunset St, San Francisco, CA 94016"
317959,USB-C Charging Cable,1,11.95,12/23/19 17:47,"333 Dogwood St, Los Angeles, CA 90001"
317960,27in FHD Monitor,1,149.99,12/06/19 22:45,"893 Church St, San Francisco, CA 94016"
317961,AA Batteries (4-pack),3,3.84,12/18/19 13:54,"974 Dogwood St, Boston, MA 02215"
317962,AA Batteries (4-pack),1,3.84,12/11/19 17:33,"839 5th St, Boston, MA 02215"
317963,AA Batteries (4-pack),1,3.84,12/20/19 01:23,"25 Walnut St, New York City, NY 10001"
317964,Lightning Charging Cable,1,14.95,12/21/19 16:29,"803 Johnson St, Seattle, WA 98101"
317965,Apple Airpods Headphones,1,150,12/15/19 20:00,"383 Cedar St, Los Angeles, CA 90001"
317966,USB-C Charging Cable,1,11.95,12/09/19 11:09,"60 1st St, Seattle, WA 98101"
317967,Lightning Charging Cable,1,14.95,12/22/19 10:08,"815 Wilson St, New York City, NY 10001"
317968,Wired Headphones,1,11.99,12/26/19 02:27,"177 West St, Atlanta, GA 30301"
317969,AAA Batteries (4-pack),2,2.99,12/26/19 10:40,"125 Park St, San Francisco, CA 94016"
317970,Apple Airpods Headphones,1,150,12/02/19 14:22,"570 6th St, San Francisco, CA 94016"
317971,AA Batteries (4-pack),1,3.84,12/17/19 18:39,"250 Chestnut St, San Francisco, CA 94016"
317971,AA Batteries (4-pack),1,3.84,12/17/19 18:39,"250 Chestnut St, San Francisco, CA 94016"
317972,27in 4K Gaming Monitor,1,389.99,12/23/19 09:00,"478 1st St, Los Angeles, CA 90001"
317973,USB-C Charging Cable,1,11.95,12/22/19 13:28,"958 Lake St, Los Angeles, CA 90001"
317974,Apple Airpods Headphones,1,150,12/08/19 12:11,"562 North St, New York City, NY 10001"
317975,Lightning Charging Cable,1,14.95,12/14/19 20:05,"438 Spruce St, Los Angeles, CA 90001"
317976,iPhone,1,700,12/05/19 14:23,"697 2nd St, Austin, TX 73301"
317977,AAA Batteries (4-pack),1,2.99,12/26/19 18:37,"694 South St, Los Angeles, CA 90001"
317978,Lightning Charging Cable,1,14.95,12/01/19 19:31,"80 9th St, Dallas, TX 75001"
317979,Lightning Charging Cable,1,14.95,12/21/19 11:00,"416 Willow St, San Francisco, CA 94016"
317980,Google Phone,1,600,12/22/19 17:17,"287 12th St, San Francisco, CA 94016"
317981,Apple Airpods Headphones,1,150,12/04/19 09:57,"185 Chestnut St, New York City, NY 10001"
317982,USB-C Charging Cable,1,11.95,12/12/19 19:06,"229 Sunset St, San Francisco, CA 94016"
317983,USB-C Charging Cable,1,11.95,12/15/19 11:34,"584 6th St, San Francisco, CA 94016"
317984,27in FHD Monitor,1,149.99,12/31/19 17:27,"755 Madison St, Boston, MA 02215"
317985,USB-C Charging Cable,1,11.95,12/02/19 14:42,"13 Ridge St, New York City, NY 10001"
317986,20in Monitor,1,109.99,12/03/19 13:48,"920 7th St, Portland, ME 04101"
317987,USB-C Charging Cable,1,11.95,12/25/19 11:29,"208 4th St, New York City, NY 10001"
317988,Lightning Charging Cable,2,14.95,12/23/19 21:26,"856 Adams St, New York City, NY 10001"
317989,AAA Batteries (4-pack),3,2.99,12/29/19 18:26,"398 Center St, Los Angeles, CA 90001"
317990,Wired Headphones,1,11.99,12/20/19 19:04,"738 2nd St, Atlanta, GA 30301"
317991,Lightning Charging Cable,1,14.95,12/23/19 21:03,"309 Walnut St, Los Angeles, CA 90001"
317992,AA Batteries (4-pack),1,3.84,12/31/19 12:09,"474 Main St, Austin, TX 73301"
317993,Wired Headphones,1,11.99,12/09/19 21:14,"10 13th St, New York City, NY 10001"
317994,AA Batteries (4-pack),1,3.84,12/09/19 13:14,"522 Chestnut St, Atlanta, GA 30301"
317995,Lightning Charging Cable,1,14.95,12/25/19 00:08,"363 Jackson St, Seattle, WA 98101"
317996,Macbook Pro Laptop,1,1700,12/23/19 02:10,"560 Lake St, Seattle, WA 98101"
317997,Lightning Charging Cable,1,14.95,12/05/19 23:42,"222 5th St, Atlanta, GA 30301"
317998,34in Ultrawide Monitor,1,379.99,12/03/19 17:41,"138 12th St, San Francisco, CA 94016"
317999,27in 4K Gaming Monitor,1,389.99,12/10/19 13:09,"245 Ridge St, Austin, TX 73301"
318000,Lightning Charging Cable,2,14.95,12/15/19 09:34,"297 2nd St, San Francisco, CA 94016"
318001,Flatscreen TV,1,300,12/30/19 11:04,"434 13th St, Dallas, TX 75001"
318002,USB-C Charging Cable,1,11.95,12/18/19 14:28,"670 Ridge St, San Francisco, CA 94016"
318003,34in Ultrawide Monitor,1,379.99,12/27/19 23:53,"881 Forest St, Los Angeles, CA 90001"
318004,Bose SoundSport Headphones,1,99.99,12/15/19 21:38,"205 Cherry St, San Francisco, CA 94016"
318005,Wired Headphones,1,11.99,12/19/19 20:50,"394 South St, Boston, MA 02215"
318006,AA Batteries (4-pack),3,3.84,12/10/19 14:29,"402 2nd St, Seattle, WA 98101"
318007,USB-C Charging Cable,1,11.95,12/18/19 11:32,"55 Forest St, Los Angeles, CA 90001"
318008,27in FHD Monitor,1,149.99,12/16/19 09:50,"50 12th St, San Francisco, CA 94016"
318009,Lightning Charging Cable,1,14.95,12/31/19 21:24,"648 Meadow St, San Francisco, CA 94016"
318010,Macbook Pro Laptop,1,1700,12/12/19 09:50,"468 Ridge St, Seattle, WA 98101"
318011,Wired Headphones,1,11.99,12/06/19 08:01,"855 River St, New York City, NY 10001"
318012,Flatscreen TV,1,300,12/10/19 14:42,"116 Forest St, Dallas, TX 75001"
318013,AA Batteries (4-pack),2,3.84,12/27/19 13:16,"675 Jackson St, Seattle, WA 98101"
318014,Wired Headphones,1,11.99,12/12/19 13:42,"374 Meadow St, Atlanta, GA 30301"
318015,AAA Batteries (4-pack),2,2.99,12/14/19 20:53,"872 North St, Atlanta, GA 30301"
318016,20in Monitor,1,109.99,12/16/19 16:24,"20 Wilson St, Dallas, TX 75001"
318017,34in Ultrawide Monitor,1,379.99,12/04/19 15:16,"45 4th St, Boston, MA 02215"
318018,AA Batteries (4-pack),2,3.84,12/14/19 14:28,"157 Johnson St, Atlanta, GA 30301"
318019,Flatscreen TV,1,300,12/21/19 21:08,"639 Wilson St, Los Angeles, CA 90001"
318020,Macbook Pro Laptop,1,1700,12/06/19 11:29,"248 Highland St, Portland, OR 97035"
318021,Lightning Charging Cable,1,14.95,12/18/19 20:37,"90 Hickory St, Los Angeles, CA 90001"
318022,34in Ultrawide Monitor,1,379.99,12/22/19 12:00,"567 Main St, San Francisco, CA 94016"
318023,USB-C Charging Cable,1,11.95,12/31/19 20:57,"620 6th St, San Francisco, CA 94016"
318024,Bose SoundSport Headphones,1,99.99,12/29/19 22:45,"429 1st St, Seattle, WA 98101"
318025,AAA Batteries (4-pack),3,2.99,12/18/19 22:47,"744 6th St, Los Angeles, CA 90001"
318026,iPhone,1,700,12/29/19 22:04,"698 Wilson St, Atlanta, GA 30301"
318027,AA Batteries (4-pack),1,3.84,12/05/19 09:06,"764 Maple St, Atlanta, GA 30301"
318028,Google Phone,1,600,12/18/19 05:06,"462 2nd St, San Francisco, CA 94016"
318029,iPhone,1,700,12/29/19 21:27,"835 6th St, Los Angeles, CA 90001"
318030,USB-C Charging Cable,1,11.95,12/14/19 21:28,"252 13th St, Dallas, TX 75001"
318031,Bose SoundSport Headphones,1,99.99,12/03/19 18:04,"721 Park St, San Francisco, CA 94016"
318032,34in Ultrawide Monitor,1,379.99,12/21/19 20:38,"682 4th St, New York City, NY 10001"
318033,20in Monitor,1,109.99,12/31/19 13:27,"890 Willow St, San Francisco, CA 94016"
318034,27in FHD Monitor,1,149.99,12/18/19 19:53,"811 North St, San Francisco, CA 94016"
318035,Lightning Charging Cable,1,14.95,12/17/19 13:27,"508 Wilson St, New York City, NY 10001"
318036,USB-C Charging Cable,1,11.95,12/20/19 09:11,"160 Chestnut St, New York City, NY 10001"
318037,Flatscreen TV,1,300,12/31/19 02:28,"204 Meadow St, Dallas, TX 75001"
318038,AAA Batteries (4-pack),4,2.99,12/19/19 19:23,"286 Washington St, San Francisco, CA 94016"
318039,AAA Batteries (4-pack),1,2.99,12/11/19 18:56,"820 10th St, New York City, NY 10001"
318040,USB-C Charging Cable,1,11.95,12/30/19 15:55,"717 2nd St, Seattle, WA 98101"
318041,AA Batteries (4-pack),1,3.84,12/14/19 13:16,"132 1st St, Boston, MA 02215"
318042,Lightning Charging Cable,1,14.95,12/25/19 14:03,"806 1st St, New York City, NY 10001"
318043,Macbook Pro Laptop,1,1700,12/20/19 23:14,"751 Elm St, San Francisco, CA 94016"
318044,34in Ultrawide Monitor,1,379.99,12/26/19 22:58,"641 Center St, New York City, NY 10001"
318045,AA Batteries (4-pack),1,3.84,12/06/19 17:12,"374 Lake St, San Francisco, CA 94016"
318046,USB-C Charging Cable,1,11.95,12/17/19 15:47,"294 11th St, Seattle, WA 98101"
318047,AAA Batteries (4-pack),1,2.99,12/11/19 01:15,"620 Meadow St, Seattle, WA 98101"
318048,iPhone,1,700,12/17/19 20:54,"361 Lincoln St, New York City, NY 10001"
318049,Flatscreen TV,1,300,12/02/19 23:17,"52 Washington St, Boston, MA 02215"
318050,Bose SoundSport Headphones,1,99.99,12/09/19 10:10,"111 Cedar St, Seattle, WA 98101"
318051,AA Batteries (4-pack),2,3.84,12/29/19 14:38,"702 5th St, San Francisco, CA 94016"
318052,Apple Airpods Headphones,1,150,12/30/19 19:18,"313 Johnson St, San Francisco, CA 94016"
318053,AAA Batteries (4-pack),2,2.99,12/15/19 18:46,"989 Madison St, Atlanta, GA 30301"
318054,34in Ultrawide Monitor,1,379.99,12/24/19 19:40,"411 Hill St, Atlanta, GA 30301"
318055,AAA Batteries (4-pack),1,2.99,12/29/19 15:52,"174 7th St, Seattle, WA 98101"
318056,Apple Airpods Headphones,1,150,12/03/19 13:43,"442 8th St, New York City, NY 10001"
318057,Bose SoundSport Headphones,1,99.99,12/28/19 14:29,"418 8th St, New York City, NY 10001"
318058,Lightning Charging Cable,1,14.95,12/05/19 18:24,"700 Forest St, Dallas, TX 75001"
318059,Wired Headphones,1,11.99,12/20/19 17:41,"57 Willow St, Austin, TX 73301"
318060,27in FHD Monitor,1,149.99,12/31/19 01:09,"690 4th St, Los Angeles, CA 90001"
318061,Lightning Charging Cable,1,14.95,12/25/19 12:25,"491 River St, Los Angeles, CA 90001"
318062,USB-C Charging Cable,1,11.95,12/14/19 10:42,"15 9th St, Los Angeles, CA 90001"
318063,USB-C Charging Cable,1,11.95,12/13/19 13:56,"2 Hickory St, Seattle, WA 98101"
318064,USB-C Charging Cable,1,11.95,12/27/19 19:55,"160 12th St, Boston, MA 02215"
318065,Apple Airpods Headphones,1,150,12/02/19 19:20,"367 2nd St, San Francisco, CA 94016"
318066,Flatscreen TV,1,300,12/02/19 09:31,"799 Pine St, New York City, NY 10001"
318067,Flatscreen TV,1,300,12/05/19 21:19,"743 Pine St, Dallas, TX 75001"
318068,AAA Batteries (4-pack),1,2.99,12/17/19 07:04,"590 13th St, Dallas, TX 75001"
318069,USB-C Charging Cable,1,11.95,12/08/19 11:37,"131 Maple St, Los Angeles, CA 90001"
318070,AA Batteries (4-pack),1,3.84,12/15/19 19:10,"6 6th St, New York City, NY 10001"
318071,27in 4K Gaming Monitor,1,389.99,12/15/19 09:18,"237 Pine St, New York City, NY 10001"
318072,AA Batteries (4-pack),1,3.84,12/05/19 10:07,"717 11th St, Boston, MA 02215"
318073,Apple Airpods Headphones,1,150,12/26/19 19:39,"101 6th St, Boston, MA 02215"
318074,LG Washing Machine,1,600.0,12/05/19 03:10,"823 Hill St, San Francisco, CA 94016"
318075,AAA Batteries (4-pack),2,2.99,12/27/19 21:40,"690 Jackson St, Portland, OR 97035"
318075,ThinkPad Laptop,1,999.99,12/27/19 21:40,"690 Jackson St, Portland, OR 97035"
318076,Apple Airpods Headphones,1,150,12/17/19 08:23,"316 Elm St, Dallas, TX 75001"
318077,AAA Batteries (4-pack),1,2.99,12/04/19 18:07,"382 14th St, Boston, MA 02215"
318078,Lightning Charging Cable,1,14.95,12/09/19 17:06,"568 Madison St, New York City, NY 10001"
318079,Lightning Charging Cable,1,14.95,12/20/19 17:00,"599 River St, Atlanta, GA 30301"
318080,Wired Headphones,1,11.99,12/11/19 11:52,"706 2nd St, New York City, NY 10001"
318081,AA Batteries (4-pack),2,3.84,12/17/19 19:52,"258 Willow St, Boston, MA 02215"
318082,USB-C Charging Cable,1,11.95,12/23/19 12:46,"66 Park St, Atlanta, GA 30301"
318083,USB-C Charging Cable,2,11.95,12/02/19 15:20,"131 Cherry St, Los Angeles, CA 90001"
318084,34in Ultrawide Monitor,1,379.99,12/27/19 20:23,"909 13th St, Dallas, TX 75001"
318085,USB-C Charging Cable,1,11.95,12/07/19 19:04,"759 12th St, New York City, NY 10001"
318086,27in 4K Gaming Monitor,1,389.99,12/06/19 11:10,"187 Washington St, Los Angeles, CA 90001"
318087,Wired Headphones,1,11.99,12/12/19 04:44,"377 West St, Los Angeles, CA 90001"
318088,Macbook Pro Laptop,1,1700,12/16/19 11:34,"129 Cedar St, San Francisco, CA 94016"
318089,Flatscreen TV,1,300,12/01/19 11:52,"512 11th St, Dallas, TX 75001"
318090,AA Batteries (4-pack),1,3.84,12/30/19 12:25,"477 South St, San Francisco, CA 94016"
318091,USB-C Charging Cable,1,11.95,12/20/19 02:13,"766 Hill St, Boston, MA 02215"
318092,Macbook Pro Laptop,1,1700,12/25/19 17:41,"79 Forest St, Boston, MA 02215"
318093,Bose SoundSport Headphones,1,99.99,12/27/19 22:07,"509 Sunset St, Seattle, WA 98101"
318094,USB-C Charging Cable,1,11.95,12/23/19 00:54,"945 5th St, San Francisco, CA 94016"
318095,AAA Batteries (4-pack),2,2.99,12/30/19 14:48,"504 Main St, Portland, ME 04101"
318096,Apple Airpods Headphones,1,150,12/14/19 16:46,"756 Cedar St, San Francisco, CA 94016"
318097,Bose SoundSport Headphones,1,99.99,12/22/19 18:26,"501 Hickory St, Dallas, TX 75001"
318098,Apple Airpods Headphones,1,150,12/27/19 19:35,"874 Madison St, New York City, NY 10001"
318099,iPhone,1,700,12/19/19 09:39,"766 Lakeview St, Austin, TX 73301"
318099,Lightning Charging Cable,1,14.95,12/19/19 09:39,"766 Lakeview St, Austin, TX 73301"
318100,Wired Headphones,1,11.99,12/22/19 12:29,"966 5th St, San Francisco, CA 94016"
318101,27in FHD Monitor,1,149.99,12/25/19 20:37,"291 2nd St, Los Angeles, CA 90001"
318102,Lightning Charging Cable,1,14.95,12/31/19 14:32,"503 Madison St, Los Angeles, CA 90001"
318103,AAA Batteries (4-pack),2,2.99,12/16/19 17:55,"549 Cedar St, Los Angeles, CA 90001"
318104,AA Batteries (4-pack),1,3.84,12/01/19 11:05,"969 Hill St, Los Angeles, CA 90001"
318105,Lightning Charging Cable,1,14.95,12/02/19 15:56,"76 Park St, San Francisco, CA 94016"
318106,USB-C Charging Cable,1,11.95,12/15/19 14:15,"486 Elm St, Austin, TX 73301"
318107,USB-C Charging Cable,1,11.95,12/11/19 16:56,"229 Adams St, Los Angeles, CA 90001"
318108,USB-C Charging Cable,1,11.95,12/12/19 16:49,"459 Washington St, San Francisco, CA 94016"
318109,20in Monitor,1,109.99,12/31/19 19:51,"698 Forest St, Dallas, TX 75001"
318110,AA Batteries (4-pack),2,3.84,12/02/19 10:43,"130 South St, Portland, OR 97035"
318111,Flatscreen TV,1,300,12/20/19 04:45,"354 Park St, San Francisco, CA 94016"
318112,Apple Airpods Headphones,1,150,12/04/19 12:14,"447 Forest St, Portland, ME 04101"
318113,Bose SoundSport Headphones,1,99.99,12/06/19 15:44,"378 Cedar St, New York City, NY 10001"
318114,Bose SoundSport Headphones,1,99.99,12/18/19 12:52,"421 2nd St, Los Angeles, CA 90001"
318115,AAA Batteries (4-pack),1,2.99,12/17/19 14:19,"72 Jackson St, San Francisco, CA 94016"
318116,AAA Batteries (4-pack),1,2.99,12/31/19 19:00,"119 Maple St, New York City, NY 10001"
318117,27in FHD Monitor,1,149.99,12/19/19 13:37,"716 Lincoln St, New York City, NY 10001"
318118,Lightning Charging Cable,1,14.95,12/11/19 07:02,"610 Forest St, San Francisco, CA 94016"
318119,AA Batteries (4-pack),1,3.84,12/24/19 18:09,"258 9th St, Atlanta, GA 30301"
318120,AAA Batteries (4-pack),1,2.99,12/12/19 20:48,"563 Dogwood St, New York City, NY 10001"
318121,Flatscreen TV,1,300,12/29/19 14:36,"120 Sunset St, Atlanta, GA 30301"
318122,Apple Airpods Headphones,1,150,12/11/19 18:54,"59 Park St, Dallas, TX 75001"
318123,Lightning Charging Cable,1,14.95,12/22/19 19:34,"420 Church St, Dallas, TX 75001"
318124,Flatscreen TV,1,300,12/05/19 17:35,"608 Pine St, Portland, ME 04101"
318125,AA Batteries (4-pack),1,3.84,12/02/19 17:23,"848 14th St, New York City, NY 10001"
318126,Lightning Charging Cable,1,14.95,12/12/19 18:32,"405 Sunset St, Boston, MA 02215"
318127,AAA Batteries (4-pack),2,2.99,12/28/19 12:38,"127 11th St, Portland, OR 97035"
318128,Wired Headphones,1,11.99,12/30/19 11:03,"158 Willow St, New York City, NY 10001"
318129,USB-C Charging Cable,1,11.95,12/23/19 12:56,"871 Highland St, Los Angeles, CA 90001"
318130,Bose SoundSport Headphones,1,99.99,12/25/19 14:31,"150 Madison St, Boston, MA 02215"
318131,Bose SoundSport Headphones,1,99.99,12/30/19 22:48,"998 Hickory St, Dallas, TX 75001"
318132,Lightning Charging Cable,1,14.95,12/26/19 15:14,"243 Elm St, Boston, MA 02215"
318133,Wired Headphones,1,11.99,12/04/19 16:24,"750 Dogwood St, Los Angeles, CA 90001"
318134,Wired Headphones,1,11.99,12/30/19 21:42,"607 River St, Portland, OR 97035"
318135,27in FHD Monitor,1,149.99,12/28/19 15:24,"351 Forest St, Austin, TX 73301"
318136,Bose SoundSport Headphones,1,99.99,12/17/19 22:42,"164 Lincoln St, Los Angeles, CA 90001"
318137,USB-C Charging Cable,1,11.95,12/17/19 15:26,"511 Willow St, Seattle, WA 98101"
318138,Lightning Charging Cable,1,14.95,12/16/19 10:57,"508 12th St, Dallas, TX 75001"
318139,Google Phone,1,600,12/02/19 23:53,"343 Ridge St, Austin, TX 73301"
318140,USB-C Charging Cable,1,11.95,12/27/19 08:53,"855 Lakeview St, San Francisco, CA 94016"
318141,27in FHD Monitor,1,149.99,12/19/19 12:11,"205 Hill St, New York City, NY 10001"
318142,AAA Batteries (4-pack),2,2.99,12/01/19 14:29,"851 8th St, San Francisco, CA 94016"
318143,AAA Batteries (4-pack),1,2.99,12/06/19 02:28,"10 8th St, Los Angeles, CA 90001"
318144,Google Phone,1,600,12/11/19 17:21,"31 7th St, Los Angeles, CA 90001"
318144,USB-C Charging Cable,1,11.95,12/11/19 17:21,"31 7th St, Los Angeles, CA 90001"
318145,Wired Headphones,1,11.99,12/16/19 22:13,"309 Main St, Boston, MA 02215"
318146,Bose SoundSport Headphones,1,99.99,12/18/19 13:20,"963 Walnut St, San Francisco, CA 94016"
318147,20in Monitor,1,109.99,12/12/19 10:17,"271 Elm St, San Francisco, CA 94016"
318148,Wired Headphones,1,11.99,12/23/19 16:41,"20 Sunset St, San Francisco, CA 94016"
318149,AAA Batteries (4-pack),1,2.99,12/15/19 20:19,"290 Sunset St, Austin, TX 73301"
318150,AAA Batteries (4-pack),1,2.99,12/29/19 22:21,"165 Willow St, Boston, MA 02215"
318151,AA Batteries (4-pack),1,3.84,12/06/19 19:18,"677 4th St, Dallas, TX 75001"
318152,Apple Airpods Headphones,1,150,12/28/19 21:12,"378 Spruce St, Portland, OR 97035"
318153,iPhone,1,700,12/30/19 10:05,"539 Johnson St, Los Angeles, CA 90001"
318153,Apple Airpods Headphones,1,150,12/30/19 10:05,"539 Johnson St, Los Angeles, CA 90001"
318154,Macbook Pro Laptop,1,1700,12/06/19 16:10,"993 Johnson St, Los Angeles, CA 90001"
318155,Flatscreen TV,1,300,12/05/19 16:23,"299 Ridge St, Atlanta, GA 30301"
318156,Flatscreen TV,1,300,12/21/19 13:52,"175 12th St, New York City, NY 10001"
318157,Wired Headphones,1,11.99,12/12/19 11:43,"506 Spruce St, New York City, NY 10001"
318158,AAA Batteries (4-pack),1,2.99,12/30/19 22:03,"671 13th St, San Francisco, CA 94016"
318159,USB-C Charging Cable,1,11.95,12/27/19 14:57,"843 Dogwood St, San Francisco, CA 94016"
318160,Wired Headphones,1,11.99,12/15/19 11:07,"4 13th St, Los Angeles, CA 90001"
318161,AA Batteries (4-pack),2,3.84,12/15/19 20:27,"407 Cedar St, San Francisco, CA 94016"
318162,Macbook Pro Laptop,1,1700,12/23/19 18:48,"595 8th St, Seattle, WA 98101"
318163,Wired Headphones,1,11.99,12/20/19 21:38,"75 Cherry St, Austin, TX 73301"
318164,AA Batteries (4-pack),3,3.84,12/25/19 12:48,"368 Park St, Portland, OR 97035"
318165,iPhone,1,700,12/25/19 21:53,"359 Lakeview St, New York City, NY 10001"
318166,Wired Headphones,1,11.99,12/01/19 11:22,"979 Center St, Boston, MA 02215"
318167,AA Batteries (4-pack),1,3.84,12/26/19 16:49,"748 Lincoln St, San Francisco, CA 94016"
318168,USB-C Charging Cable,1,11.95,12/02/19 14:50,"983 Hickory St, Portland, OR 97035"
318169,iPhone,1,700,12/30/19 19:10,"246 Ridge St, San Francisco, CA 94016"
318170,AA Batteries (4-pack),1,3.84,12/31/19 19:24,"672 Washington St, San Francisco, CA 94016"
318171,AA Batteries (4-pack),3,3.84,12/26/19 13:35,"813 14th St, San Francisco, CA 94016"
318172,34in Ultrawide Monitor,1,379.99,12/25/19 16:12,"81 6th St, Austin, TX 73301"
318173,Apple Airpods Headphones,1,150,12/29/19 12:38,"634 Chestnut St, Boston, MA 02215"
318174,Apple Airpods Headphones,1,150,12/15/19 21:54,"311 Hill St, Austin, TX 73301"
318175,AA Batteries (4-pack),2,3.84,12/14/19 18:19,"960 Maple St, San Francisco, CA 94016"
318176,Bose SoundSport Headphones,1,99.99,12/06/19 12:39,"470 6th St, Austin, TX 73301"
318177,USB-C Charging Cable,1,11.95,12/02/19 21:02,"46 North St, Los Angeles, CA 90001"
318178,Wired Headphones,2,11.99,12/30/19 11:25,"325 7th St, San Francisco, CA 94016"
318179,USB-C Charging Cable,1,11.95,12/31/19 17:52,"98 13th St, Boston, MA 02215"
318180,Bose SoundSport Headphones,1,99.99,12/19/19 17:37,"683 11th St, New York City, NY 10001"
318181,Flatscreen TV,1,300,12/04/19 21:01,"428 1st St, San Francisco, CA 94016"
318182,Wired Headphones,1,11.99,12/29/19 15:24,"820 Adams St, Boston, MA 02215"
318183,AA Batteries (4-pack),1,3.84,12/22/19 21:07,"782 South St, Seattle, WA 98101"
318184,AA Batteries (4-pack),1,3.84,12/16/19 20:46,"761 Walnut St, Seattle, WA 98101"
318185,Lightning Charging Cable,1,14.95,12/27/19 17:53,"28 Hickory St, San Francisco, CA 94016"
318186,Wired Headphones,1,11.99,12/11/19 12:35,"233 Hickory St, Boston, MA 02215"
318187,Bose SoundSport Headphones,1,99.99,12/25/19 19:53,"169 4th St, Boston, MA 02215"
318188,Lightning Charging Cable,1,14.95,12/03/19 16:37,"991 Adams St, San Francisco, CA 94016"
318189,Wired Headphones,1,11.99,12/04/19 11:16,"143 Walnut St, Portland, OR 97035"
318190,Wired Headphones,1,11.99,12/23/19 09:03,"692 11th St, Portland, ME 04101"
318191,Wired Headphones,2,11.99,12/22/19 15:46,"482 Forest St, San Francisco, CA 94016"
318192,AAA Batteries (4-pack),1,2.99,12/19/19 15:55,"491 Hickory St, Los Angeles, CA 90001"
318193,Google Phone,1,600,12/05/19 11:33,"360 South St, San Francisco, CA 94016"
318194,Wired Headphones,2,11.99,12/23/19 08:13,"185 12th St, Portland, ME 04101"
318195,ThinkPad Laptop,1,999.99,12/16/19 13:41,"909 Lincoln St, Seattle, WA 98101"
318196,Apple Airpods Headphones,1,150,12/31/19 18:56,"675 Johnson St, Atlanta, GA 30301"
318197,AA Batteries (4-pack),1,3.84,12/15/19 21:50,"28 Adams St, Portland, ME 04101"
318198,AAA Batteries (4-pack),2,2.99,12/15/19 08:18,"8 Madison St, Boston, MA 02215"
318199,AAA Batteries (4-pack),1,2.99,12/05/19 16:50,"576 Dogwood St, Los Angeles, CA 90001"
318200,Apple Airpods Headphones,1,150,12/07/19 06:18,"648 Church St, Los Angeles, CA 90001"
318201,Apple Airpods Headphones,1,150,12/18/19 16:54,"411 Madison St, San Francisco, CA 94016"
318202,AAA Batteries (4-pack),2,2.99,12/31/19 16:35,"896 Washington St, New York City, NY 10001"
318203,iPhone,1,700,12/05/19 17:59,"488 Center St, San Francisco, CA 94016"
318204,Lightning Charging Cable,1,14.95,12/01/19 12:13,"558 Church St, San Francisco, CA 94016"
318205,Wired Headphones,1,11.99,12/06/19 14:16,"524 5th St, Los Angeles, CA 90001"
318206,Google Phone,1,600,12/04/19 21:38,"974 Johnson St, Los Angeles, CA 90001"
318206,Wired Headphones,1,11.99,12/04/19 21:38,"974 Johnson St, Los Angeles, CA 90001"
318207,Wired Headphones,2,11.99,12/08/19 23:49,"810 7th St, San Francisco, CA 94016"
318208,LG Washing Machine,1,600.0,12/05/19 12:43,"399 Wilson St, San Francisco, CA 94016"
318209,AAA Batteries (4-pack),2,2.99,12/26/19 11:32,"191 2nd St, Los Angeles, CA 90001"
318210,34in Ultrawide Monitor,1,379.99,12/04/19 07:06,"202 Church St, Los Angeles, CA 90001"
318211,27in 4K Gaming Monitor,1,389.99,12/23/19 11:49,"5 5th St, Boston, MA 02215"
318212,USB-C Charging Cable,1,11.95,12/23/19 09:03,"351 Highland St, Dallas, TX 75001"
318213,Lightning Charging Cable,1,14.95,12/29/19 20:52,"948 Spruce St, Atlanta, GA 30301"
318214,AA Batteries (4-pack),1,3.84,12/31/19 13:19,"862 Spruce St, Dallas, TX 75001"
318215,Lightning Charging Cable,1,14.95,12/12/19 13:55,"3 Adams St, New York City, NY 10001"
318216,iPhone,1,700,12/12/19 12:56,"545 Jefferson St, San Francisco, CA 94016"
318216,Lightning Charging Cable,1,14.95,12/12/19 12:56,"545 Jefferson St, San Francisco, CA 94016"
318217,Lightning Charging Cable,1,14.95,12/27/19 23:24,"307 Sunset St, Los Angeles, CA 90001"
318218,Flatscreen TV,1,300,12/14/19 18:00,"735 Lake St, Dallas, TX 75001"
318219,Bose SoundSport Headphones,1,99.99,12/18/19 19:49,"332 Dogwood St, New York City, NY 10001"
318219,Flatscreen TV,1,300,12/18/19 19:49,"332 Dogwood St, New York City, NY 10001"
318220,Apple Airpods Headphones,1,150,12/23/19 10:31,"920 Adams St, Austin, TX 73301"
318221,20in Monitor,1,109.99,12/05/19 18:33,"981 Elm St, Los Angeles, CA 90001"
318222,AAA Batteries (4-pack),1,2.99,12/03/19 14:00,"143 Elm St, Atlanta, GA 30301"
318223,AA Batteries (4-pack),1,3.84,12/10/19 22:58,"916 2nd St, San Francisco, CA 94016"
318224,Apple Airpods Headphones,1,150,12/25/19 12:36,"239 Meadow St, Los Angeles, CA 90001"
318225,iPhone,1,700,12/24/19 08:21,"987 12th St, Atlanta, GA 30301"
318226,AA Batteries (4-pack),1,3.84,12/28/19 12:54,"921 Main St, Dallas, TX 75001"
318227,USB-C Charging Cable,2,11.95,12/17/19 05:55,"106 Center St, San Francisco, CA 94016"
318228,USB-C Charging Cable,1,11.95,12/10/19 13:58,"642 Lincoln St, Austin, TX 73301"
318229,iPhone,1,700,12/13/19 06:39,"529 Hickory St, Dallas, TX 75001"
318229,Lightning Charging Cable,1,14.95,12/13/19 06:39,"529 Hickory St, Dallas, TX 75001"
318230,Wired Headphones,1,11.99,12/18/19 13:02,"842 Sunset St, Los Angeles, CA 90001"
318231,Apple Airpods Headphones,1,150,12/29/19 18:15,"673 West St, Los Angeles, CA 90001"
318232,Bose SoundSport Headphones,1,99.99,12/21/19 20:42,"113 Lakeview St, Boston, MA 02215"
318233,Wired Headphones,2,11.99,12/03/19 21:48,"835 South St, Los Angeles, CA 90001"
318234,Lightning Charging Cable,1,14.95,12/31/19 18:51,"433 Hill St, Seattle, WA 98101"
318235,USB-C Charging Cable,2,11.95,12/10/19 15:22,"663 Johnson St, New York City, NY 10001"
318236,34in Ultrawide Monitor,1,379.99,12/17/19 18:56,"212 Hill St, Boston, MA 02215"
318237,34in Ultrawide Monitor,1,379.99,12/26/19 18:36,"864 9th St, San Francisco, CA 94016"
318238,34in Ultrawide Monitor,1,379.99,12/26/19 11:41,"219 Church St, Los Angeles, CA 90001"
318238,iPhone,1,700,12/26/19 11:41,"219 Church St, Los Angeles, CA 90001"
318239,ThinkPad Laptop,1,999.99,12/20/19 18:57,"327 11th St, Boston, MA 02215"
318240,Wired Headphones,1,11.99,12/01/19 22:39,"596 5th St, Los Angeles, CA 90001"
318241,USB-C Charging Cable,1,11.95,12/06/19 08:16,"145 Lakeview St, New York City, NY 10001"
318242,Google Phone,1,600,12/14/19 14:06,"331 West St, New York City, NY 10001"
318242,USB-C Charging Cable,1,11.95,12/14/19 14:06,"331 West St, New York City, NY 10001"
318243,Flatscreen TV,1,300,12/04/19 14:31,"427 Hill St, Los Angeles, CA 90001"
318244,34in Ultrawide Monitor,1,379.99,12/25/19 23:37,"273 Johnson St, Los Angeles, CA 90001"
318245,AAA Batteries (4-pack),1,2.99,12/06/19 14:25,"760 Spruce St, New York City, NY 10001"
318246,AAA Batteries (4-pack),1,2.99,12/20/19 18:15,"625 Lake St, Portland, OR 97035"
318247,34in Ultrawide Monitor,1,379.99,12/22/19 21:17,"388 1st St, Atlanta, GA 30301"
318248,LG Washing Machine,1,600.0,12/26/19 13:51,"721 Hickory St, Atlanta, GA 30301"
318249,Bose SoundSport Headphones,1,99.99,12/18/19 13:56,"28 Cedar St, Seattle, WA 98101"
318250,USB-C Charging Cable,1,11.95,12/28/19 17:18,"226 4th St, Los Angeles, CA 90001"
318251,Lightning Charging Cable,1,14.95,12/30/19 23:12,"474 1st St, Portland, OR 97035"
318252,USB-C Charging Cable,1,11.95,12/02/19 09:53,"966 Highland St, Portland, OR 97035"
318253,USB-C Charging Cable,1,11.95,12/12/19 21:50,"800 Lake St, Atlanta, GA 30301"
318254,AAA Batteries (4-pack),1,2.99,12/28/19 08:39,"840 Maple St, San Francisco, CA 94016"
318255,Wired Headphones,1,11.99,12/13/19 20:31,"37 Washington St, San Francisco, CA 94016"
318256,Wired Headphones,1,11.99,12/07/19 13:02,"384 Sunset St, Atlanta, GA 30301"
318257,27in 4K Gaming Monitor,1,389.99,12/12/19 14:30,"812 Madison St, San Francisco, CA 94016"
318258,ThinkPad Laptop,1,999.99,12/30/19 21:49,"666 Jefferson St, New York City, NY 10001"
318259,Vareebadd Phone,1,400,12/22/19 21:20,"156 9th St, San Francisco, CA 94016"
318259,Wired Headphones,1,11.99,12/22/19 21:20,"156 9th St, San Francisco, CA 94016"
318260,Flatscreen TV,1,300,12/25/19 13:04,"281 Cedar St, Los Angeles, CA 90001"
318261,USB-C Charging Cable,1,11.95,12/25/19 20:12,"712 Forest St, Portland, OR 97035"
318262,AA Batteries (4-pack),1,3.84,12/23/19 11:56,"303 Church St, San Francisco, CA 94016"
318263,27in FHD Monitor,1,149.99,12/03/19 13:08,"606 Hill St, Portland, ME 04101"
318264,USB-C Charging Cable,1,11.95,12/11/19 12:49,"692 5th St, Seattle, WA 98101"
318265,AAA Batteries (4-pack),3,2.99,12/06/19 18:02,"248 Dogwood St, San Francisco, CA 94016"
318266,Flatscreen TV,1,300,12/07/19 23:23,"510 Wilson St, Dallas, TX 75001"
318267,AAA Batteries (4-pack),4,2.99,12/20/19 12:50,"72 Washington St, Los Angeles, CA 90001"
318268,USB-C Charging Cable,1,11.95,12/16/19 17:23,"398 4th St, San Francisco, CA 94016"
318269,AAA Batteries (4-pack),1,2.99,12/02/19 11:51,"860 North St, San Francisco, CA 94016"
318270,Bose SoundSport Headphones,1,99.99,12/27/19 22:15,"321 Jackson St, Seattle, WA 98101"
318271,AA Batteries (4-pack),1,3.84,12/28/19 11:19,"995 6th St, Portland, OR 97035"
318272,27in FHD Monitor,1,149.99,12/13/19 13:15,"131 Lakeview St, Dallas, TX 75001"
318273,Wired Headphones,1,11.99,12/25/19 11:07,"496 11th St, Portland, ME 04101"
318274,Bose SoundSport Headphones,1,99.99,12/24/19 16:40,"342 Forest St, San Francisco, CA 94016"
318275,27in 4K Gaming Monitor,1,389.99,12/02/19 11:36,"267 12th St, Los Angeles, CA 90001"
318276,USB-C Charging Cable,2,11.95,12/26/19 16:32,"975 Wilson St, Los Angeles, CA 90001"
318277,Apple Airpods Headphones,1,150,12/12/19 13:24,"586 6th St, New York City, NY 10001"
318278,USB-C Charging Cable,1,11.95,12/26/19 00:29,"565 Willow St, San Francisco, CA 94016"
318279,AAA Batteries (4-pack),1,2.99,12/09/19 09:49,"160 Center St, San Francisco, CA 94016"
318280,AA Batteries (4-pack),1,3.84,12/11/19 15:59,"591 10th St, San Francisco, CA 94016"
318281,AAA Batteries (4-pack),1,2.99,12/18/19 21:56,"668 7th St, Los Angeles, CA 90001"
318282,Wired Headphones,1,11.99,12/12/19 20:10,"923 Highland St, Boston, MA 02215"
318283,ThinkPad Laptop,1,999.99,12/09/19 13:03,"595 North St, San Francisco, CA 94016"
318284,USB-C Charging Cable,1,11.95,12/17/19 13:54,"916 Hickory St, Portland, OR 97035"
318285,Lightning Charging Cable,1,14.95,12/28/19 11:08,"527 9th St, Seattle, WA 98101"
318286,Flatscreen TV,1,300,12/27/19 18:35,"965 Walnut St, Los Angeles, CA 90001"
318287,Bose SoundSport Headphones,1,99.99,12/24/19 07:47,"902 Walnut St, Atlanta, GA 30301"
318288,AAA Batteries (4-pack),1,2.99,12/22/19 17:43,"533 Hill St, San Francisco, CA 94016"
318289,USB-C Charging Cable,1,11.95,12/13/19 18:17,"702 Willow St, Seattle, WA 98101"
318290,AA Batteries (4-pack),1,3.84,12/16/19 18:34,"224 Highland St, Atlanta, GA 30301"
318291,Wired Headphones,1,11.99,12/28/19 19:59,"967 River St, New York City, NY 10001"
318292,Wired Headphones,1,11.99,12/23/19 18:53,"718 Jefferson St, Boston, MA 02215"
318293,Google Phone,1,600,12/18/19 08:43,"192 Lakeview St, New York City, NY 10001"
318294,Apple Airpods Headphones,1,150,12/28/19 22:57,"932 12th St, San Francisco, CA 94016"
318295,LG Washing Machine,1,600.0,12/24/19 19:11,"226 Johnson St, Los Angeles, CA 90001"
318296,Wired Headphones,1,11.99,12/22/19 08:32,"641 7th St, Dallas, TX 75001"
318296,AAA Batteries (4-pack),2,2.99,12/22/19 08:32,"641 7th St, Dallas, TX 75001"
318297,Lightning Charging Cable,1,14.95,12/02/19 14:30,"116 Cedar St, San Francisco, CA 94016"
318298,20in Monitor,1,109.99,12/11/19 07:25,"947 Willow St, San Francisco, CA 94016"
318299,Wired Headphones,1,11.99,12/09/19 09:01,"527 2nd St, Austin, TX 73301"
318300,USB-C Charging Cable,1,11.95,12/16/19 23:10,"101 Wilson St, Dallas, TX 75001"
318301,USB-C Charging Cable,1,11.95,12/06/19 07:56,"564 4th St, San Francisco, CA 94016"
318302,Bose SoundSport Headphones,1,99.99,12/14/19 10:53,"248 Johnson St, Los Angeles, CA 90001"
318303,AAA Batteries (4-pack),1,2.99,12/22/19 19:43,"63 Forest St, Boston, MA 02215"
318304,27in 4K Gaming Monitor,1,389.99,12/01/19 20:18,"960 Jefferson St, Seattle, WA 98101"
318305,Wired Headphones,1,11.99,12/05/19 11:06,"970 Madison St, Dallas, TX 75001"
318306,AA Batteries (4-pack),1,3.84,12/30/19 19:23,"249 9th St, San Francisco, CA 94016"
318307,Flatscreen TV,1,300,12/24/19 07:40,"15 Jackson St, San Francisco, CA 94016"
318308,Apple Airpods Headphones,1,150,12/28/19 21:13,"591 Johnson St, Los Angeles, CA 90001"
318309,AA Batteries (4-pack),2,3.84,12/05/19 16:58,"813 11th St, San Francisco, CA 94016"
318310,AA Batteries (4-pack),1,3.84,12/30/19 21:02,"391 Highland St, Los Angeles, CA 90001"
318311,Wired Headphones,1,11.99,12/06/19 20:30,"251 5th St, Dallas, TX 75001"
318312,USB-C Charging Cable,1,11.95,12/07/19 12:25,"473 North St, San Francisco, CA 94016"
318313,AAA Batteries (4-pack),1,2.99,12/27/19 15:46,"29 West St, Boston, MA 02215"
318314,34in Ultrawide Monitor,1,379.99,12/12/19 22:53,"753 Willow St, Los Angeles, CA 90001"
318315,20in Monitor,1,109.99,12/03/19 13:32,"759 6th St, New York City, NY 10001"
318316,Flatscreen TV,1,300,12/29/19 16:54,"455 1st St, Dallas, TX 75001"
318317,ThinkPad Laptop,1,999.99,12/26/19 18:52,"835 Park St, New York City, NY 10001"
318318,Wired Headphones,1,11.99,12/10/19 07:23,"997 Cherry St, New York City, NY 10001"
318319,AA Batteries (4-pack),1,3.84,12/23/19 18:10,"748 Chestnut St, New York City, NY 10001"
318320,Wired Headphones,1,11.99,12/30/19 15:26,"225 Highland St, Los Angeles, CA 90001"
318321,USB-C Charging Cable,1,11.95,12/19/19 22:53,"130 1st St, Los Angeles, CA 90001"
318322,AA Batteries (4-pack),2,3.84,12/06/19 16:15,"767 Madison St, Portland, OR 97035"
318323,Apple Airpods Headphones,1,150,12/11/19 11:35,"631 4th St, Boston, MA 02215"
318324,AA Batteries (4-pack),2,3.84,12/26/19 15:25,"774 Adams St, San Francisco, CA 94016"
318325,USB-C Charging Cable,1,11.95,12/20/19 14:14,"502 Meadow St, Atlanta, GA 30301"
318326,34in Ultrawide Monitor,1,379.99,12/02/19 23:30,"787 Spruce St, Portland, ME 04101"
318327,USB-C Charging Cable,1,11.95,12/22/19 13:27,"447 Wilson St, San Francisco, CA 94016"
318328,USB-C Charging Cable,2,11.95,12/19/19 18:10,"435 11th St, San Francisco, CA 94016"
318329,AA Batteries (4-pack),1,3.84,12/04/19 00:30,"817 Lincoln St, San Francisco, CA 94016"
318330,Lightning Charging Cable,1,14.95,12/08/19 19:01,"230 Meadow St, Seattle, WA 98101"
318331,USB-C Charging Cable,1,11.95,12/02/19 13:41,"338 Pine St, Atlanta, GA 30301"
318332,LG Washing Machine,1,600.0,12/20/19 14:52,"807 14th St, San Francisco, CA 94016"
318333,AA Batteries (4-pack),1,3.84,12/20/19 16:21,"984 Center St, Los Angeles, CA 90001"
318334,AA Batteries (4-pack),1,3.84,12/02/19 16:24,"787 Lakeview St, Dallas, TX 75001"
318335,USB-C Charging Cable,1,11.95,12/26/19 19:00,"54 Jefferson St, Los Angeles, CA 90001"
318336,Lightning Charging Cable,1,14.95,12/26/19 15:10,"115 9th St, San Francisco, CA 94016"
318337,Macbook Pro Laptop,1,1700,12/27/19 10:50,"211 1st St, Dallas, TX 75001"
318338,Wired Headphones,1,11.99,12/18/19 09:56,"422 Adams St, San Francisco, CA 94016"
318339,Vareebadd Phone,1,400,12/23/19 18:49,"751 Center St, Los Angeles, CA 90001"
318340,27in 4K Gaming Monitor,1,389.99,12/19/19 19:44,"554 Jefferson St, San Francisco, CA 94016"
318341,ThinkPad Laptop,1,999.99,12/20/19 16:48,"359 11th St, Los Angeles, CA 90001"
318342,Lightning Charging Cable,1,14.95,12/23/19 23:47,"73 Pine St, Seattle, WA 98101"
318343,ThinkPad Laptop,1,999.99,12/20/19 07:55,"168 Jackson St, Portland, OR 97035"
318344,27in 4K Gaming Monitor,1,389.99,12/08/19 13:25,"439 9th St, San Francisco, CA 94016"
318345,27in 4K Gaming Monitor,1,389.99,12/16/19 23:01,"512 5th St, Boston, MA 02215"
318346,AA Batteries (4-pack),2,3.84,12/25/19 01:58,"49 Walnut St, San Francisco, CA 94016"
318347,Wired Headphones,1,11.99,12/09/19 10:47,"669 Madison St, San Francisco, CA 94016"
318348,AA Batteries (4-pack),1,3.84,12/27/19 13:13,"801 Main St, San Francisco, CA 94016"
318349,Apple Airpods Headphones,1,150,12/13/19 21:44,"935 Pine St, Austin, TX 73301"
318350,Wired Headphones,1,11.99,12/26/19 05:47,"682 2nd St, San Francisco, CA 94016"
318351,Apple Airpods Headphones,1,150,12/25/19 17:33,"437 Church St, New York City, NY 10001"
318352,Lightning Charging Cable,1,14.95,12/07/19 17:55,"443 South St, Atlanta, GA 30301"
318353,AA Batteries (4-pack),1,3.84,12/16/19 12:24,"884 Jackson St, Portland, OR 97035"
318354,Apple Airpods Headphones,1,150,12/26/19 07:32,"958 Spruce St, Portland, OR 97035"
318355,AA Batteries (4-pack),3,3.84,12/26/19 10:59,"938 Willow St, Seattle, WA 98101"
318356,AA Batteries (4-pack),4,3.84,12/20/19 12:05,"775 Elm St, San Francisco, CA 94016"
318357,Wired Headphones,1,11.99,12/10/19 22:19,"352 Lakeview St, San Francisco, CA 94016"
318358,Bose SoundSport Headphones,1,99.99,12/25/19 16:47,"970 Willow St, Dallas, TX 75001"
318359,Wired Headphones,1,11.99,12/17/19 11:32,"716 2nd St, Atlanta, GA 30301"
318360,27in 4K Gaming Monitor,1,389.99,12/13/19 23:15,"456 14th St, San Francisco, CA 94016"
318361,Apple Airpods Headphones,1,150,12/27/19 16:22,"747 Meadow St, New York City, NY 10001"
318362,USB-C Charging Cable,1,11.95,12/24/19 06:23,"529 Center St, San Francisco, CA 94016"
318363,AA Batteries (4-pack),1,3.84,12/18/19 12:30,"170 Center St, New York City, NY 10001"
318364,Lightning Charging Cable,1,14.95,12/09/19 20:32,"950 Jefferson St, Los Angeles, CA 90001"
318365,AA Batteries (4-pack),1,3.84,12/06/19 21:13,"160 Johnson St, Los Angeles, CA 90001"
318366,Wired Headphones,1,11.99,12/03/19 14:57,"565 Lincoln St, Los Angeles, CA 90001"
318367,AAA Batteries (4-pack),1,2.99,12/04/19 14:19,"994 9th St, Seattle, WA 98101"
318368,USB-C Charging Cable,1,11.95,12/05/19 15:49,"591 Center St, San Francisco, CA 94016"
318369,Wired Headphones,1,11.99,12/28/19 08:25,"130 Madison St, San Francisco, CA 94016"
318370,USB-C Charging Cable,1,11.95,12/24/19 18:11,"577 7th St, Los Angeles, CA 90001"
318371,USB-C Charging Cable,1,11.95,12/28/19 10:07,"396 7th St, Los Angeles, CA 90001"
318372,Wired Headphones,1,11.99,12/23/19 23:45,"964 Cherry St, Los Angeles, CA 90001"
318373,AA Batteries (4-pack),1,3.84,12/08/19 07:43,"747 Willow St, Seattle, WA 98101"
318374,Wired Headphones,1,11.99,12/28/19 22:00,"574 Lakeview St, Boston, MA 02215"
318375,USB-C Charging Cable,1,11.95,12/20/19 20:08,"896 Adams St, Boston, MA 02215"
318376,ThinkPad Laptop,1,999.99,12/13/19 19:34,"37 Highland St, Portland, OR 97035"
318377,27in FHD Monitor,1,149.99,12/19/19 11:34,"81 2nd St, San Francisco, CA 94016"
318378,34in Ultrawide Monitor,1,379.99,12/09/19 13:33,"118 Forest St, Boston, MA 02215"
318379,AAA Batteries (4-pack),1,2.99,12/25/19 13:56,"149 Cherry St, Boston, MA 02215"
318380,AA Batteries (4-pack),1,3.84,12/19/19 20:34,"653 Elm St, New York City, NY 10001"
318381,34in Ultrawide Monitor,1,379.99,12/30/19 13:38,"235 North St, Los Angeles, CA 90001"
318382,AA Batteries (4-pack),1,3.84,12/30/19 00:54,"721 Spruce St, San Francisco, CA 94016"
318383,ThinkPad Laptop,1,999.99,12/14/19 20:06,"696 Church St, Portland, OR 97035"
318384,Wired Headphones,1,11.99,12/29/19 16:49,"187 13th St, San Francisco, CA 94016"
318385,Lightning Charging Cable,1,14.95,12/01/19 14:19,"847 Meadow St, Dallas, TX 75001"
318386,Bose SoundSport Headphones,1,99.99,12/13/19 14:09,"965 Jackson St, Portland, OR 97035"
318387,ThinkPad Laptop,1,999.99,12/07/19 14:01,"535 Center St, Los Angeles, CA 90001"
318388,Apple Airpods Headphones,1,150,12/23/19 11:24,"517 4th St, New York City, NY 10001"
318389,Apple Airpods Headphones,1,150,12/06/19 17:10,"525 Chestnut St, Los Angeles, CA 90001"
318390,USB-C Charging Cable,2,11.95,12/20/19 15:29,"655 13th St, Los Angeles, CA 90001"
318391,AAA Batteries (4-pack),1,2.99,12/22/19 13:40,"600 4th St, New York City, NY 10001"
318392,Apple Airpods Headphones,1,150,12/16/19 16:10,"567 Maple St, San Francisco, CA 94016"
318393,Apple Airpods Headphones,1,150,12/05/19 19:01,"401 2nd St, Boston, MA 02215"
318394,Apple Airpods Headphones,1,150,12/07/19 12:03,"199 1st St, Boston, MA 02215"
318395,Apple Airpods Headphones,1,150,12/21/19 18:21,"614 Cherry St, New York City, NY 10001"
318396,Lightning Charging Cable,1,14.95,12/09/19 15:12,"928 2nd St, San Francisco, CA 94016"
318397,Wired Headphones,1,11.99,12/16/19 11:31,"771 Center St, Los Angeles, CA 90001"
318398,Wired Headphones,1,11.99,12/28/19 08:01,"430 14th St, New York City, NY 10001"
318399,Lightning Charging Cable,1,14.95,12/17/19 20:53,"387 11th St, San Francisco, CA 94016"
318400,Lightning Charging Cable,1,14.95,12/16/19 09:56,"576 8th St, Boston, MA 02215"
318401,LG Dryer,1,600.0,12/02/19 11:23,"31 Dogwood St, Atlanta, GA 30301"
318402,Wired Headphones,1,11.99,12/13/19 20:21,"237 Main St, San Francisco, CA 94016"
318403,USB-C Charging Cable,1,11.95,12/02/19 10:12,"450 South St, Boston, MA 02215"
318404,AAA Batteries (4-pack),1,2.99,12/27/19 19:11,"959 Wilson St, New York City, NY 10001"
318405,20in Monitor,1,109.99,12/21/19 19:25,"662 Ridge St, Atlanta, GA 30301"
318406,27in 4K Gaming Monitor,1,389.99,12/12/19 07:51,"926 Johnson St, Atlanta, GA 30301"
318407,Lightning Charging Cable,1,14.95,12/17/19 07:09,"240 Johnson St, San Francisco, CA 94016"
318408,Vareebadd Phone,1,400,12/24/19 12:40,"305 1st St, Boston, MA 02215"
318408,USB-C Charging Cable,1,11.95,12/24/19 12:40,"305 1st St, Boston, MA 02215"
318409,Bose SoundSport Headphones,2,99.99,12/17/19 14:36,"856 Church St, San Francisco, CA 94016"
318410,AAA Batteries (4-pack),2,2.99,12/18/19 14:03,"736 11th St, Dallas, TX 75001"
318411,Bose SoundSport Headphones,1,99.99,12/19/19 13:13,"799 Park St, San Francisco, CA 94016"
318412,AA Batteries (4-pack),2,3.84,12/28/19 13:47,"127 4th St, Atlanta, GA 30301"
318413,AA Batteries (4-pack),3,3.84,12/04/19 12:18,"125 Maple St, Austin, TX 73301"
318414,iPhone,1,700,12/24/19 18:47,"464 Lincoln St, Los Angeles, CA 90001"
318415,Apple Airpods Headphones,1,150,12/20/19 16:53,"689 10th St, Los Angeles, CA 90001"
318416,AA Batteries (4-pack),1,3.84,12/19/19 22:28,"313 Center St, New York City, NY 10001"
318417,34in Ultrawide Monitor,1,379.99,12/29/19 20:22,"894 Forest St, San Francisco, CA 94016"
318418,ThinkPad Laptop,1,999.99,12/10/19 21:44,"913 12th St, Los Angeles, CA 90001"
318419,USB-C Charging Cable,2,11.95,12/01/19 22:50,"274 Main St, Los Angeles, CA 90001"
318420,AA Batteries (4-pack),1,3.84,12/19/19 11:21,"463 River St, Dallas, TX 75001"
318421,USB-C Charging Cable,1,11.95,12/23/19 20:58,"126 8th St, New York City, NY 10001"
318421,Macbook Pro Laptop,1,1700,12/23/19 20:58,"126 8th St, New York City, NY 10001"
318422,USB-C Charging Cable,1,11.95,12/16/19 16:20,"690 Hickory St, Austin, TX 73301"
318423,AA Batteries (4-pack),1,3.84,12/24/19 12:16,"927 Pine St, Dallas, TX 75001"
318424,Lightning Charging Cable,1,14.95,12/12/19 16:02,"418 6th St, Atlanta, GA 30301"
318425,34in Ultrawide Monitor,1,379.99,12/30/19 12:16,"389 4th St, New York City, NY 10001"
318426,Bose SoundSport Headphones,1,99.99,12/04/19 13:57,"942 North St, San Francisco, CA 94016"
318427,Lightning Charging Cable,1,14.95,12/24/19 18:54,"949 Spruce St, Los Angeles, CA 90001"
318428,USB-C Charging Cable,1,11.95,12/18/19 12:08,"463 Dogwood St, Los Angeles, CA 90001"
318429,AAA Batteries (4-pack),1,2.99,12/06/19 11:14,"645 Johnson St, New York City, NY 10001"
318430,AA Batteries (4-pack),1,3.84,12/18/19 10:59,"747 13th St, Portland, OR 97035"
318431,27in FHD Monitor,1,149.99,12/12/19 09:01,"159 10th St, Los Angeles, CA 90001"
318432,Lightning Charging Cable,1,14.95,12/11/19 13:08,"847 Pine St, Austin, TX 73301"
318433,AA Batteries (4-pack),2,3.84,12/31/19 09:53,"485 Ridge St, Los Angeles, CA 90001"
318434,Lightning Charging Cable,2,14.95,12/17/19 21:14,"506 10th St, Los Angeles, CA 90001"
318435,AAA Batteries (4-pack),1,2.99,12/23/19 19:44,"305 North St, San Francisco, CA 94016"
318436,AA Batteries (4-pack),1,3.84,12/22/19 12:12,"252 Madison St, Boston, MA 02215"
318437,AAA Batteries (4-pack),1,2.99,12/09/19 23:29,"958 Washington St, Seattle, WA 98101"
318438,Wired Headphones,1,11.99,12/07/19 12:40,"452 9th St, Dallas, TX 75001"
318438,USB-C Charging Cable,1,11.95,12/07/19 12:40,"452 9th St, Dallas, TX 75001"
318439,27in 4K Gaming Monitor,1,389.99,12/03/19 20:50,"183 Washington St, Austin, TX 73301"
318440,20in Monitor,1,109.99,12/27/19 13:13,"363 North St, Boston, MA 02215"
318441,27in FHD Monitor,1,149.99,12/08/19 16:21,"209 10th St, Boston, MA 02215"
318442,Lightning Charging Cable,1,14.95,12/02/19 21:54,"599 Adams St, Boston, MA 02215"
318443,Google Phone,1,600,12/11/19 07:34,"607 Chestnut St, San Francisco, CA 94016"
318443,USB-C Charging Cable,1,11.95,12/11/19 07:34,"607 Chestnut St, San Francisco, CA 94016"
318444,34in Ultrawide Monitor,1,379.99,12/24/19 11:50,"49 Dogwood St, San Francisco, CA 94016"
318445,Google Phone,1,600,12/22/19 10:52,"780 Ridge St, Boston, MA 02215"
318445,AA Batteries (4-pack),1,3.84,12/22/19 10:52,"780 Ridge St, Boston, MA 02215"
318446,Bose SoundSport Headphones,1,99.99,12/30/19 14:24,"10 Jackson St, San Francisco, CA 94016"